Invoice ID,Branch,City,Customer type,Gender,Product line,Unit price,Quantity,Tax 5%,Total,Date,Time,Payment,cogs,gross margin percentage,gross income,Rating
INV-00415,B,Mandalay,Member,male,Food and beverages,66.5,2,6.65,139.65,2023-02-17,19:04,Cash,133.0,4.7619047619,6.65,7.5
INV-01442,A,Yangon,Member,Female,Food and beverages,74.49,4,14.898,312.858,2023-05-05,18:30,Ewallet,297.96,4.7619047619,14.898,6.5
INV-00352,C,Naypyitaw,Normal,Female,Electronic accessories,44.66,5,11.165,234.46499999999997,2023-05-14,17:22,Cash,223.29999999999998,4.7619047619,11.165,5.6
INV-00353,B,Mandalay,Member,Male,Home and lifestyle,86.93,6,26.079,547.659,2023-04-15,17:02,Credit card,521.58,4.7619047619,26.079,9.1
INV-00579,B,Mandalay,Normal,Male,Sports and travel,57.11,8,22.844,479.724,2023-12-06,17:22,Credit card,456.88,4.7619047619,22.844,4.1
INV-00355,A,Yangon,Member,Female,Electronic accessories,89.52,9,40.284,845.9639999999999,2023-06-10,16:17,Ewallet,805.68,4.7619047619,40.284,9.8
INV-00351,B,Mandalay,Normal,Male,Home and lifestyle,63.82,2,6.382,134.022,2023-06-11,16:10,Credit card,127.64,4.7619047619,6.382,4.6
INV-00241,C,Naypyitaw,Normal,Male,Home and lifestyle,98.72,2,9.872,207.312,2023-05-02,17:29,Credit card,197.44,4.7619047619,9.872,5.6
INV-00262,C,Naypyitaw,Normal,Male,Fashion accessories,72.84,4,14.568,305.928,2023-08-28,10:26,Ewallet,291.36,4.7619047619,14.568,7.7
INV-01038,C,Naypyitaw,Normal,female,Fashion accessories,22.32,5,5.58,117.17999999999999,2023-10-28,11:07,Cash,111.6,4.7619047619,5.58,5.3
INV-01002,B,Mandalay,Member,Male,Fashion accessories,33.86,5,8.465,177.76500000000001,2023-04-26,13:16,Ewallet,169.3,4.7619047619,8.465,5.9
INV-00969,B,Mandalay,Normal,Male,Health and beauty,87.0,1,4.35,91.35,2023-12-05,20:31,Cash,87.0,4.7619047619,4.35,7.5
INV-00066,B, Mandalay ,Normal,Female,Fashion accessories,29.11,1,1.4555,30.5655,2023-04-27,12:36,Ewallet,29.11,4.7619047619,1.4555,4.9
INV-01297,A,Yangon,Normal,Male,,33.64,1,1.682,35.322,2023-10-17,20:47,Credit card,33.64,4.7619047619,1.682,7.9
INV-00031,B,Mandalay,Member,Male,Health and beauty,35.1,10,17.55,368.55,2023-05-23,11:05,Ewallet,351.0,4.7619047619,17.55,9.7
INV-00465,C, Naypyitaw ,Normal,female,Sports and travel,84.47,6,25.341,532.161,2023-06-20,15:55,Ewallet,506.82,4.7619047619,25.341,5.5
INV-01382,B,Mandalay,Member,Male,Health and beauty,59.53,10,29.765,625.0649999999999,2023-12-25,16:44,Ewallet,595.3,4.7619047619,29.765,5.5
INV-00092,C,Naypyitaw,Normal,Male,Fashion accessories,59.2,5,14.8,310.8,2023-08-25,19:31,Ewallet,296.0,4.7619047619,14.8,6.0
INV-00176,A,Yangon,Normal,M,Sports and travel,79.07,6,23.721,498.14099999999996,2023-07-11,15:45,Ewallet,474.41999999999996,4.7619047619,23.721,4.3
INV-00169,A,Yangon,Normal,F,Sports and travel,33.11,10,16.555,347.65500000000003,2023-11-17,10:28,Cash,331.1,4.7619047619,16.555,5.8
INV-00980,B,Mandalay,Normal,Female,Health and beauty,27.26,8,10.904,228.984,2023-12-19,15:38,Ewallet,218.08,4.7619047619,10.904,7.3
INV-01010,B,Mandalay,Normal,Female,Food and beverages,83.04,1,4.152,87.19200000000001,2023-06-07,16:34,Ewallet,83.04,4.7619047619,4.152,7.1
INV-00530,C,Naypyitaw,Normal,Male,Electronic accessories,33.94,5,8.485,178.185,2023-12-07,14:37,Ewallet,169.7,4.7619047619,8.485,6.3
INV-00276,B,Mandalay,Normal,Female,Food and beverages,60.25,7,21.0875,442.8375,2023-08-18,19:00,Cash,421.75,4.7619047619,21.0875,9.3
INV-01025,C,Naypyitaw,Normal,Female,Health and beauty,32.39,10,16.195,340.09499999999997,2023-08-13,10:06,Cash,323.9,4.7619047619,16.195,8.3
INV-00825,B,Mandalay,Member,,Electronic accessories,20.42,9,9.189,192.96900000000002,2023-11-09,14:35,Cash,183.78000000000003,4.7619047619,9.189,5.7
INV-00345,B,Mandalay,Normal,male,Fashion accessories,43.64,4,8.728,183.288,2023-02-11,12:34,Ewallet,174.56,4.7619047619,8.728,
INV-00238,A,Yangon,Member,,Food and beverages,94.69,7,33.1415,695.9714999999999,2023-06-19,17:57,Credit card,662.8299999999999,4.7619047619,33.1415,5.1
INV-01068,A,Yangon,Member,female,Sports and travel,51.96,2,5.196,109.116,2023-05-28,14:48,Ewallet,103.92,4.7619047619,5.196,5.5
INV-00060,B,Mandalay,Normal,Female,,94.88,4,18.976,398.496,2023-10-23,20:53,Cash,379.52,4.7619047619,18.976,6.8
INV-00325,C,Naypyitaw,Member,Male,Sports and travel,55.32,10,27.66,580.86,2023-09-15,10:20,Cash,553.2,4.7619047619,27.66,4.2
INV-00272,C,Naypyitaw,Member,Female,Fashion accessories,63.35,6,19.005,399.105,2023-05-08,10:18,Ewallet,380.1,4.7619047619,19.005,8.0
INV-00372,A,Yangon,Member,Male,Food and beverages,50.61,7,17.7135,371.9835,2023-10-03,15:23,Ewallet,354.27,4.7619047619,17.7135,6.0
INV-00163,B,Mandalay,Normal,,,72.52,9,32.634,685.314,2023-01-02,14:04,Cash,652.68,4.7619047619,32.634,7.0
INV-00555,C,Naypyitaw,Normal,Male,Health and beauty,71.24,1,3.562,74.80199999999999,2023-06-04,12:26,Credit card,71.24,4.7619047619,3.562,4.9
INV-01081,C,Naypyitaw,Member,F,Electronic accessories,41.16,5,10.29,216.08999999999997,2023-01-01,15:22,Cash,205.79999999999998,4.7619047619,10.29,8.8
INV-00507,C,Naypyitaw,Normal,Male,Food and beverages,33.02,3,4.953,104.013,2023-08-11,16:32,Ewallet,99.06,4.7619047619,4.953,6.4
INV-01484,A,Yangon,Normal,Female,Home and lifestyle,93.67,6,28.101,590.121,2023-10-31,13:01,Cash,562.02,4.7619047619,28.101,
INV-00469,A,Yangon,Member,,Food and beverages,72.94,2,7.294,153.174,2023-05-17,15:32,Credit card,145.88,4.7619047619,7.294,
INV-00185,A,Yangon,Normal,Female,Health and beauty,36.83,5,9.2075,193.3575,2023-02-27,16:49,Cash,184.14999999999998,4.7619047619,9.2075,4.1
INV-00644,B,Mandalay,Normal,Female,Home and lifestyle,518.6367807162233,8,37.568,5056.236696657552,2023-11-17,13:11,Ewallet,751.36,4.7619047619,37.568,9.2
INV-00332,C,Naypyitaw,Normal,M,Food and beverages,32.27,3,4.8405,101.65050000000001,2023-02-05,10:55,Credit card,96.81,4.7619047619,4.8405,6.8
INV-00495,B,Mandalay,Member,male,Health and beauty,21.28,9,9.576,201.096,2023-12-14,17:18,Ewallet,191.52,4.7619047619,9.576,4.6
INV-01101,A, Yangon ,Normal,Male,Electronic accessories,47.72,7,16.702,350.74199999999996,2023-12-24,12:31,Cash,334.03999999999996,4.7619047619,16.702,6.8
INV-00260,A,Yangon,Member,Female,Food and beverages,13.43,5,3.3575,70.50750000000001,2023-08-05,17:56,Cash,67.15,4.7619047619,3.3575,
INV-00275,B,Mandalay,Normal,Male,Food and beverages,89.09,4,17.818,374.178,2023-10-02,17:28,Cash,356.36,4.7619047619,17.818,4.2
INV-01170,A,Yangon,Normal,Male,Sports and travel,29.36,6,8.808,184.968,2023-01-23,11:25,Ewallet,176.16,4.7619047619,8.808,6.9
INV-00637,B,Mandalay,Member,Female,Home and lifestyle,67.24,4,13.448,282.40799999999996,2023-08-19,12:46,Ewallet,268.96,4.7619047619,13.448,8.2
INV-00848,C,Naypyitaw,Normal,Male,Health and beauty,71.99,1,3.5995,75.5895,2023-07-28,10:26,Cash,71.99,4.7619047619,3.5995,7.3
INV-00965,A,Yangon,Normal,Female,Home and lifestyle,87.13,1,4.3565,91.48649999999999,2023-04-17,14:26,Ewallet,87.13,4.7619047619,4.3565,
INV-00125,A, Yangon ,Member,male,Health and beauty,38.64,8,15.456,324.576,2023-08-08,16:37,Ewallet,309.12,4.7619047619,15.456,
INV-00439,C,Naypyitaw,Member,Female,,70.82,3,10.623,223.08299999999997,2023-10-26,18:41,Ewallet,212.45999999999998,4.7619047619,10.623,
INV-01262,C,Naypyitaw,Normal,Female,Sports and travel,14.72,7,5.152,108.19200000000001,2023-12-08,15:08,Cash,103.04,4.7619047619,5.152,8.7
INV-01220,A,Yangon,Normal,F,Home and lifestyle,37.96,4,7.592,159.43200000000002,2023-02-16,12:30,Ewallet,151.84,4.7619047619,7.592,7.6
INV-01496,B,Mandalay,Member,Female,Health and beauty,90.98,8,36.392,764.2320000000001,2023-01-16,15:04,Credit card,727.84,4.7619047619,36.392,6.6
INV-01256,B,Mandalay,Normal,male,Home and lifestyle,16.78,2,1.678,35.238,2023-04-29,13:31,Cash,33.56,4.7619047619,1.678,6.8
INV-00340,A,Yangon,Member,Male,Food and beverages,84.24,4,16.848,353.808,2023-05-07,17:23,Ewallet,336.96,4.7619047619,16.848,5.4
INV-00585,B,Mandalay,Member,F,Sports and travel,78.87,5,19.7175,414.0675,2023-12-11,16:52,Credit card,394.35,4.7619047619,19.7175,8.2
INV-01348,B,Mandalay,Normal,male,Home and lifestyle,83.55,3,12.5325,263.1825,2023-12-13,14:47,Ewallet,250.64999999999998,4.7619047619,12.5325,6.2
INV-00024,B,Mandalay,Normal,M,Food and beverages,50.18,9,22.581,474.201,2023-11-29,11:20,Credit card,451.62,4.7619047619,22.581,7.2
INV-00977,B,Mandalay,Member,Male,Sports and travel,85.79,10,42.895,900.7950000000001,2023-01-02,15:27,Cash,857.9000000000001,4.7619047619,42.895,6.5
INV-00204,C,Naypyitaw,Member,Male,Electronic accessories,22.21,10,11.105,233.205,2023-09-28,18:24,Cash,222.10000000000002,4.7619047619,11.105,5.9
INV-00417,A, Yangon ,Normal,M,Home and lifestyle,85.94,2,8.594,180.474,2023-08-05,20:04,Ewallet,171.88,4.7619047619,8.594,9.9
INV-00050,A,Yangon,Normal,female,Sports and travel,23.66,8,9.464,198.744,2023-08-24,18:23,Cash,189.28,4.7619047619,9.464,4.5
INV-00909,A,Yangon,Member,Male,,53.86,6,16.158,339.318,2023-05-21,16:43,Cash,323.15999999999997,4.7619047619,16.158,9.4
INV-00971,B,Mandalay,Normal,Male,Sports and travel,37.85,1,1.8925,39.7425,2023-03-22,13:29,Credit card,37.85,4.7619047619,1.8925,6.7
INV-00745,A,Yangon,Member,Male,Food and beverages,45.88,6,13.764,289.04400000000004,2023-11-15,10:15,Credit card,275.28000000000003,4.7619047619,13.764,4.8
INV-00298,A, Yangon ,Normal,Female,Electronic accessories,52.26,3,7.839,164.619,2023-07-25,11:33,Ewallet,156.78,4.7619047619,7.839,8.1
INV-01498,B,Mandalay,Normal,Female,Home and lifestyle,49.48,10,24.74,519.54,2023-09-03,20:25,Credit card,494.79999999999995,4.7619047619,24.74,4.7
INV-00434,A,Yangon,Member,Female,Fashion accessories,26.31,7,9.2085,193.37849999999997,2023-12-20,13:40,Credit card,184.17,4.7619047619,9.2085,5.0
INV-00716,C, Naypyitaw ,Normal,,Sports and travel,31.8,10,15.9,333.9,2023-08-25,14:26,Credit card,318.0,4.7619047619,15.9,7.0
INV-00487,A,Yangon,Normal,Male,Electronic accessories,38.68,6,11.604,243.68399999999997,2023-06-18,10:05,Credit card,232.07999999999998,4.7619047619,11.604,8.8
INV-00124,A, Yangon ,Member,,Electronic accessories,54.91,4,10.982,230.62199999999999,2023-10-27,11:15,Ewallet,219.64,4.7619047619,10.982,5.5
INV-00629,A,Yangon,Normal,Male,Home and lifestyle,37.64,5,9.41,197.60999999999999,2023-08-15,15:18,Ewallet,188.2,4.7619047619,9.41,7.6
INV-00842,B,Mandalay,Member,,Electronic accessories,83.83,4,16.766,352.086,2023-10-12,12:58,Cash,335.32,4.7619047619,16.766,6.7
INV-01275,B, Mandalay ,Member,Male,Food and beverages,26.99,9,12.1455,255.0555,2023-08-06,18:49,Credit card,242.91,4.7619047619,12.1455,9.1
INV-00199,C,Naypyitaw,Member,Female,Electronic accessories,63.87,8,25.548,536.5079999999999,2023-12-04,15:19,Cash,510.96,4.7619047619,25.548,9.3
INV-00200,C,Naypyitaw,Normal,Female,Health and beauty,68.77,6,20.631,433.251,2023-09-01,20:44,Ewallet,412.62,4.7619047619,20.631,4.6
INV-01122,C,Naypyitaw,Member,Female,Food and beverages,77.16,6,23.148,486.108,2023/09/13,17:35,Ewallet,462.96,4.7619047619,23.148,6.5
INV-00584,B,Mandalay,Normal,,Health and beauty,39.14,5,9.785,205.48499999999999,2023-05-01,16:57,Ewallet,195.7,4.7619047619,9.785,7.7
INV-01050,A,Yangon,Normal,Female,Sports and travel,66.12,6,19.836,416.55600000000004,2023-04-03,15:41,Credit card,396.72,4.7619047619,19.836,6.3
INV-00731,A,Yangon,Normal,male,Food and beverages,71.79,4,14.358,301.51800000000003,2023-08-29,12:46,Credit card,287.16,4.7619047619,14.358,4.3
INV-00100,A,Yangon,Member,Male,Sports and travel,75.42,3,11.313,237.57299999999998,2023-06-16,14:18,Ewallet,226.26,4.7619047619,11.313,9.7
INV-01010,B,Mandalay,Normal,F,Food and beverages,83.04,1,4.152,87.19200000000001,2023-06-07,16:34,Ewallet,83.04,4.7619047619,4.152,7.1
INV-00052,C, Naypyitaw ,Member,M,Electronic accessories,94.95,1,4.7475,99.6975,2023-03-05,14:36,Ewallet,94.95,4.7619047619,4.7475,9.5
INV-00071,C,Naypyitaw,Member,Female,Sports and travel,26.51,3,3.9765,83.5065,2023-07-14,18:13,Ewallet,79.53,4.7619047619,3.9765,8.5
INV-00622,A,Yangon,Normal,Female,Home and lifestyle,82.29,3,12.3435,259.2135,2023-03-10,10:53,Ewallet,246.87,4.7619047619,12.3435,5.1
INV-00077,C,Naypyitaw,Normal,Male,Home and lifestyle,82.61,2,8.261,173.481,2023-07-09,19:38,Ewallet,165.22,4.7619047619,8.261,4.5
INV-00987,B,Mandalay,Normal,Female,,71.23,4,14.246,299.166,2023-12-28,13:20,Cash,284.92,4.7619047619,14.246,4.8
INV-00515,A,Yangon,Normal,Male,Fashion accessories,63.07,3,9.4605,198.6705,2023-10-23,15:48,Ewallet,189.21,4.7619047619,9.4605,4.4
INV-00142,A,Yangon,Member,Male,Food and beverages,44.56,6,13.368,280.728,2023-02-02,20:04,Ewallet,267.36,4.7619047619,13.368,9.7
INV-00271,C,Naypyitaw,Member,F,,71.06,2,7.106,149.226,2023-02-25,12:08,Credit card,142.12,4.7619047619,7.106,7.2
INV-00908,B,Mandalay,Member,Female,,17.84,7,6.244,131.124,2023-03-06,13:36,Cash,124.88,4.7619047619,6.244,6.4
INV-00240,A,Yangon,Member,Female,Home and lifestyle,50.69,4,10.138,212.898,2023-09-21,20:36,Cash,202.76,4.7619047619,10.138,9.6
INV-01402,A,Yangon,Member,Female,Electronic accessories,56.27,1,2.8135,59.0835,2023-10-04,11:45,Ewallet,56.27,4.7619047619,2.8135,6.4
INV-00988,B, Mandalay ,Member,Male,Electronic accessories,34.67,2,3.467,72.807,2023-05-25,16:17,Ewallet,69.34,4.7619047619,3.467,7.0
INV-00758,B,Mandalay,Normal,,Health and beauty,22.33,10,11.165,234.46499999999997,2023-03-27,19:38,Cash,223.29999999999998,4.7619047619,11.165,
INV-00221,B,mandalay,Normal,Male,Health and beauty,93.76,2,9.376,196.89600000000002,2023-04-26,18:53,Cash,187.52,4.7619047619,9.376,10.0
INV-01099,C,Naypyitaw,Normal,,Food and beverages,25.28,7,8.848,185.80800000000002,2023-05-28,20:59,Credit card,176.96,4.7619047619,8.848,8.0
INV-00708,C,Naypyitaw,Normal,Male,Fashion accessories,84.0,2,8.4,176.4,2023-10-31,10:47,Ewallet,168.0,4.7619047619,8.4,
INV-00186,B,Mandalay,Normal,male,Food and beverages,35.01,4,7.002,147.042,2023-07-05,15:43,Cash,140.04,4.7619047619,7.002,9.0
INV-01092,B,Mandalay,Member,male,Home and lifestyle,35.61,9,16.0245,336.5145,2023-11-17,12:32,Ewallet,320.49,4.7619047619,16.0245,9.8
INV-00661,B,Mandalay,Normal,female,Food and beverages,66.67,5,16.6675,350.01750000000004,2023-03-20,15:44,Credit card,333.35,4.7619047619,16.6675,8.5
INV-00317,B,Mandalay,Normal,Female,,51.34,4,10.268,215.62800000000001,2023-10-24,20:29,Credit card,205.36,4.7619047619,10.268,8.1
INV-01260,B,Mandalay,Member,F,Home and lifestyle,51.11,9,22.9995,482.9895,2023-08-24,11:33,Ewallet,459.99,4.7619047619,22.9995,5.8
INV-00817,B,Mandalay,Member,,Fashion accessories,26.74,6,8.022,168.462,2023-06-15,11:51,Credit card,160.44,4.7619047619,8.022,
INV-01118,C,Naypyitaw,Member,,,45.47,8,18.188,381.948,2023-08-25,10:17,Credit card,363.76,4.7619047619,18.188,6.9
INV-00694,A,Yangon,Normal,Female,Sports and travel,69.47,7,24.3145,510.6045,2023-09-06,11:43,Cash,486.28999999999996,4.7619047619,24.3145,
INV-00136,B, Mandalay ,Member,Female,Fashion accessories,83.37,5,20.8425,437.6925,2023-03-20,20:52,Ewallet,416.85,4.7619047619,20.8425,6.1
INV-00715,B,Mandalay,Member,Female,Electronic accessories,37.69,5,9.4225,197.8725,2023-03-11,17:02,Credit card,188.45,4.7619047619,9.4225,9.7
INV-00820,B,Mandalay,Member,Female,Sports and travel,33.48,2,3.348,70.30799999999999,2023-05-23,13:23,Cash,66.96,4.7619047619,3.348,4.9
INV-00673,A,Yangon,Member,Female,Home and lifestyle,25.07,7,8.7745,184.2645,2023-08-04,17:47,Ewallet,175.49,4.7619047619,8.7745,
INV-00484,B,Mandalay,Member,Female,Home and lifestyle,91.72,10,45.86,963.0600000000001,2023-12-04,18:29,Ewallet,917.2,4.7619047619,45.86,6.6
INV-00293,C,Naypyitaw,Member,Female,Home and lifestyle,98.9,3,14.835,311.535,2023-03-27,16:00,Cash,296.70000000000005,4.7619047619,14.835,8.5
INV-00068,C,Naypyitaw,Member,Male,Food and beverages,73.12,6,21.936,460.656,2023-02-10,11:09,Ewallet,438.72,4.7619047619,21.936,4.8
INV-00382,B,Mandalay,Normal,M,Food and beverages,24.95,10,12.475,261.975,2023-03-22,18:07,Credit card,249.5,4.7619047619,12.475,6.9
INV-00652,B,Mandalay,Member,Female,Home and lifestyle,22.53,8,9.012,189.252,2023-06-21,12:30,Credit card,180.24,4.7619047619,9.012,9.6
INV-00781,B,Mandalay,Normal,Female,Electronic accessories,11.87,3,1.7805,37.3905,2023-12-17,17:58,Credit card,35.61,4.7619047619,1.7805,5.5
INV-01209,A,Yangon,Normal,Female,Health and beauty,40.51,5,10.1275,212.67749999999998,2023-11-17,20:05,Credit card,202.54999999999998,4.7619047619,10.1275,7.0
INV-00707,B,Mandalay,Member,Male,Sports and travel,35.33,5,8.8325,185.4825,2023-07-21,14:52,Credit card,176.64999999999998,4.7619047619,8.8325,4.5
INV-01417,A,Yangon,Member,Male,,71.85,8,28.74,603.54,2023-08-16,16:23,Credit card,574.8,4.7619047619,28.74,8.8
INV-01357,C,Naypyitaw,Normal,Female,Home and lifestyle,40.42,5,10.105,212.205,2023-10-02,13:34,Cash,202.10000000000002,4.7619047619,10.105,5.9
INV-00865,B,mandalay,Normal,Female,Sports and travel,47.18,2,4.718,99.078,2023-06-06,14:01,Ewallet,94.36,4.7619047619,4.718,4.6
INV-01176,B,Mandalay,Member,Male,Sports and travel,37.93,7,13.2755,278.7855,2023-12-06,11:46,Cash,265.51,4.7619047619,13.2755,
INV-00414,B,Mandalay,Normal,Male,Home and lifestyle,49.33,5,12.3325,258.98249999999996,2023-01-27,16:52,Ewallet,246.64999999999998,4.7619047619,12.3325,6.6
INV-01095,A,Yangon,Normal,Female,Health and beauty,71.67,7,25.0845,526.7745,2023-04-15,19:24,Credit card,501.69,4.7619047619,25.0845,6.0
INV-01290,A,Yangon,Normal,female,Electronic accessories,360.2710462465072,1,2.6935,627.4658016692372,2023-12-25,16:46,Cash,53.87,4.7619047619,2.6935,6.6
INV-00030,A,Yangon,Member,Male,Home and lifestyle,48.67,8,19.468,408.82800000000003,2023-10-29,11:53,Credit card,389.36,4.7619047619,19.468,4.4
INV-00895,B,Mandalay,Normal,F,Food and beverages,63.94,5,15.985,335.685,2023-09-26,19:30,Ewallet,319.7,4.7619047619,15.985,4.4
INV-00721,C,Naypyitaw,Member,Female,Sports and travel,77.44,8,30.976,650.496,2023-06-17,15:57,Credit card,619.52,4.7619047619,30.976,5.3
INV-00440,A,Yangon,Member,Female,Food and beverages,65.67,1,3.2835,68.9535,2023-10-10,12:37,Credit card,65.67,4.7619047619,3.2835,5.7
INV-00577,A,Yangon,Normal,Female,Sports and travel,45.85,7,16.0475,336.9975,2023-05-26,13:44,Ewallet,320.95,4.7619047619,16.0475,
INV-01098,A,Yangon,Normal,Female,,33.87,3,5.0805,106.69049999999999,2023-03-09,18:44,Cash,101.60999999999999,4.7619047619,5.0805,
INV-01492,B,Mandalay,Member,Male,Fashion accessories,24.72,10,12.36,259.56,2023-09-24,19:45,Credit card,247.2,4.7619047619,12.36,5.4
INV-01409,B,Mandalay,Normal,Male,Home and lifestyle,86.5,7,30.275,635.775,2023-09-08,17:35,Cash,605.5,4.7619047619,30.275,8.2
INV-01339,A, Yangon ,Normal,female,Health and beauty,86.05,4,17.21,361.40999999999997,2023-05-12,18:02,Ewallet,344.2,4.7619047619,17.21,
INV-01383,C,Naypyitaw,Member,F,Fashion accessories,56.26,9,25.317,531.6569999999999,2023-06-04,15:20,Credit card,506.34,4.7619047619,25.317,7.0
INV-00803,B,Mandalay,Normal,Female,Sports and travel,77.91,6,23.373,490.83299999999997,2023-12-29,13:47,Ewallet,467.46,4.7619047619,23.373,
INV-00995,B,Mandalay,Normal,Male,Health and beauty,56.63,8,22.652,475.692,2023-11-17,17:45,Credit card,453.04,4.7619047619,22.652,4.9
INV-01263,B,Mandalay,Member,Male,Sports and travel,50.52,4,10.104,212.18400000000003,2023-01-05,16:55,Ewallet,202.08,4.7619047619,10.104,9.6
INV-00426,B,Mandalay,Normal,F,Health and beauty,11.5,8,4.6,96.6,2023-08-15,11:33,Ewallet,92.0,4.7619047619,4.6,7.0
INV-00902,A,Yangon,Member,F,Health and beauty,62.11,2,6.211,130.431,2023-07-04,15:01,Ewallet,124.22,4.7619047619,6.211,
INV-00846,B,Mandalay,Normal,Female,Electronic accessories,65.73,1,3.2865,69.01650000000001,2023-02-13,11:52,Cash,65.73,4.7619047619,3.2865,9.5
INV-00412,C, Naypyitaw ,Member,Male,Home and lifestyle,39.88,4,7.976,167.496,2023-09-08,17:33,Cash,159.52,4.7619047619,7.976,4.5
INV-00768,C,Naypyitaw,Member,Male,Fashion accessories,76.37,3,11.4555,240.56550000000001,2023-10-22,20:27,Ewallet,229.11,4.7619047619,11.4555,8.2
INV-00744,B,Mandalay,Member,Male,Sports and travel,89.79,5,22.4475,471.39750000000004,2023-01-11,19:49,Credit card,448.95000000000005,4.7619047619,22.4475,5.9
INV-00290,B,Mandalay,Normal,Male,Sports and travel,27.57,10,13.785,289.485,2023-01-08,20:32,Ewallet,275.7,4.7619047619,13.785,7.1
INV-00307,B,Mandalay,Normal,Male,Health and beauty,88.65,10,44.325,930.825,2023-08-05,10:22,Cash,886.5,4.7619047619,44.325,5.4
INV-00528,A,Yangon,Normal,Male,Electronic accessories,37.79,9,17.0055,357.1155,2023-08-09,12:25,Ewallet,340.11,4.7619047619,17.0055,4.1
INV-00529,A,Yangon,Normal,Female,Sports and travel,36.42,2,3.642,76.482,2023-02-05,19:47,Ewallet,72.84,4.7619047619,3.642,7.3
INV-00463,C,Naypyitaw,Normal,Female,Food and beverages,30.21,1,1.5105,31.7205,2023-01-13,13:21,Credit card,30.21,4.7619047619,1.5105,9.5
INV-01058,B,Mandalay,Member,Female,Electronic accessories,52.78,10,26.39,554.1899999999999,2023-07-29,16:40,Credit card,527.8,4.7619047619,26.39,6.6
INV-01236,B,mandalay,Normal,Male,Health and beauty,20.0,7,7.0,147.0,2023-07-11,16:39,Cash,140.0,4.7619047619,7.0,7.2
INV-00614,A,Yangon,Member,,Home and lifestyle,50.09,9,22.5405,473.35050000000007,2023-12-23,14:41,Credit card,450.81000000000006,4.7619047619,22.5405,4.2
INV-00045,A,Yangon,Normal,Male,Fashion accessories,15.49,10,7.745,162.645,2023-07-03,19:32,Cash,154.9,4.7619047619,7.745,7.3
INV-01291,B,Mandalay,Member,male,Home and lifestyle,95.08,9,42.786,898.5060000000001,2023/06/01,13:03,Ewallet,855.72,4.7619047619,42.786,7.3
INV-00635,A,Yangon,Normal,M,Sports and travel,83.85,3,12.5775,264.1275,2023-03-23,14:12,Credit card,251.54999999999998,4.7619047619,12.5775,7.0
INV-01166,C,Naypyitaw,Member,Female,Health and beauty,83.18,7,29.113,611.373,2023-10-20,14:40,Ewallet,582.26,4.7619047619,29.113,9.5
INV-01145,A,Yangon,Normal,Male,Sports and travel,86.25,2,8.625,181.125,2023-01-02,13:51,Credit card,172.5,4.7619047619,8.625,5.6
INV-01143,B,Mandalay,Normal,Female,Electronic accessories,32.73,9,14.7285,309.2985,2023-09-17,19:08,Ewallet,294.57,4.7619047619,14.7285,6.0
INV-01188,A,Yangon,Normal,Male,Food and beverages,86.55,2,8.655,181.755,2023-09-27,17:50,Ewallet,173.1,4.7619047619,8.655,8.0
INV-00116,C,Naypyitaw,Member,,Sports and travel,71.62,7,25.067,526.407,2023-08-23,16:45,Credit card,501.34000000000003,4.7619047619,25.067,4.2
INV-01189,B,Mandalay,Normal,Male,Electronic accessories,76.68,1,3.834,80.51400000000001,2023-08-22,15:57,Cash,76.68,4.7619047619,3.834,4.0
INV-01104,C,Naypyitaw,Normal,Male,Sports and travel,59.26,8,23.704,497.784,2023-01-15,17:39,Ewallet,474.08,4.7619047619,23.704,4.5
INV-00983,A,Yangon,Normal,Male,Fashion accessories,28.63,2,2.863,60.123,2023-05-30,16:20,Cash,57.26,4.7619047619,2.863,5.1
INV-00991,C,Naypyitaw,Normal,,Health and beauty,81.01,7,28.3535,595.4235000000001,2023/02/06,19:12,Credit card,567.07,4.7619047619,28.3535,6.0
INV-01042,C,Naypyitaw,Normal,Female,Sports and travel,35.91,8,14.364,301.64399999999995,2023-10-23,13:33,Credit card,287.28,4.7619047619,14.364,6.4
INV-01204,B,Mandalay,Normal,M,Fashion accessories,95.86,5,23.965,503.265,2023-06-18,15:42,Cash,479.3,4.7619047619,23.965,5.9
INV-00680,C,Naypyitaw,Member,Female,Electronic accessories,52.66,1,2.633,55.293,2023-09-02,13:48,Cash,52.66,4.7619047619,2.633,7.1
INV-00079,B,Mandalay,Member,Female,Electronic accessories,53.44,6,16.032,336.67199999999997,2023-04-18,10:09,Cash,320.64,4.7619047619,16.032,8.3
INV-00299,B,Mandalay,Normal,F,Sports and travel,48.04,5,12.01,252.20999999999998,2023-01-31,15:04,Cash,240.2,4.7619047619,12.01,5.3
INV-01429,B,Mandalay,Member,male,,18.06,10,9.03,189.63,2023-05-22,19:27,Cash,180.6,4.7619047619,9.03,6.8
INV-00678,B,mandalay,Normal,Female,Fashion accessories,15.68,5,3.92,82.32000000000001,2023-10-22,18:51,Credit card,78.4,4.7619047619,3.92,5.4
INV-00599,A,Yangon,Normal,Female,Fashion accessories,88.42,3,13.263,278.52299999999997,2023-10-22,13:03,Cash,265.26,4.7619047619,13.263,6.0
INV-00333,A,Yangon,Normal,female,Food and beverages,87.97,3,13.1955,277.10549999999995,2023-11-01,20:21,Cash,263.90999999999997,4.7619047619,13.1955,7.7
INV-00945,A,Yangon,Member,Male,Electronic accessories,19.55,3,2.9325,61.5825,2023-03-02,18:32,Ewallet,58.650000000000006,4.7619047619,2.9325,8.1
INV-00016,A,Yangon,Normal,Female,Food and beverages,25.22,2,2.522,52.961999999999996,2023-02-17,20:41,Ewallet,50.44,4.7619047619,2.522,10.0
INV-00598,A,Yangon,Member,Male,Health and beauty,93.36,9,42.012,882.252,2023-11-19,19:15,Ewallet,840.24,4.7619047619,42.012,9.2
INV-01094,B,Mandalay,Member,Female,Home and lifestyle,86.34,3,12.951,271.971,2023-01-27,19:08,Credit card,259.02,4.7619047619,12.951,8.6
INV-00406,C,Naypyitaw,Member,Female,Health and beauty,25.26,2,2.526,53.04600000000001,2023-06-25,19:23,Cash,50.52,4.7619047619,2.526,9.2
INV-01240,A, Yangon ,Member,Male,Food and beverages,29.86,1,1.493,31.352999999999998,2023-09-29,11:37,Ewallet,29.86,4.7619047619,1.493,4.9
INV-00494,A,Yangon,Normal,Male,Food and beverages,42.55,5,10.6375,223.3875,2023-07-24,20:43,Credit card,212.75,4.7619047619,10.6375,4.2
INV-00354,A,Yangon,Member,Male,,95.72,5,23.93,502.53000000000003,2023-12-09,15:39,Credit card,478.6,4.7619047619,23.93,6.1
INV-00786,C,Naypyitaw,Normal,M,Home and lifestyle,25.47,2,2.547,53.486999999999995,2023-06-27,13:16,Credit card,50.94,4.7619047619,2.547,5.3
INV-01385,B, Mandalay ,Member,Female,Fashion accessories,85.37,6,25.611,537.831,2023-07-29,13:04,Credit card,512.22,4.7619047619,25.611,4.8
INV-00535,C,Naypyitaw,Normal,Female,Home and lifestyle,82.69,7,28.9415,607.7715,2023-03-05,17:52,Credit card,578.8299999999999,4.7619047619,28.9415,8.4
INV-01359,A,Yangon,Member,Male,Sports and travel,26.88,-1,12.096,254.016,2023-08-21,10:21,Credit card,241.92,4.7619047619,12.096,
INV-01177,C,Naypyitaw,Member,Male,Electronic accessories,45.92,10,22.96,482.16,2023-11-30,17:40,Credit card,459.20000000000005,4.7619047619,22.96,8.9
INV-00567,B,Mandalay,Member,,Sports and travel,26.42,5,6.605,138.705,2023/08/27,18:21,Cash,132.10000000000002,4.7619047619,6.605,9.9
INV-01482,A,Yangon,Normal,F,Fashion accessories,50.43,1,2.5215,52.9515,2023-07-05,11:03,Credit card,50.43,4.7619047619,2.5215,9.1
INV-01497,B,Mandalay,Member,Male,Home and lifestyle,66.56,10,33.28,698.88,2023-02-01,15:45,Credit card,665.6,4.7619047619,33.28,6.4
INV-00433,B,Mandalay,Member,Male,Health and beauty,16.12,10,8.06,169.26000000000002,2023-02-08,11:16,Ewallet,161.20000000000002,4.7619047619,8.06,5.5
INV-00331,B,Mandalay,Member,male,Food and beverages,11.31,7,3.9585,83.1285,2023-04-06,14:22,Ewallet,79.17,4.7619047619,3.9585,8.6
INV-00938,C,Naypyitaw,Member,M,Health and beauty,69.55,10,34.775,730.275,2023-01-28,11:00,Ewallet,695.5,4.7619047619,34.775,7.0
INV-01053,C,Naypyitaw,Member,Female,Health and beauty,70.55,4,14.11,296.31,2023-11-22,13:33,Credit card,282.2,4.7619047619,14.11,4.5
INV-01358,B,Mandalay,Normal,Female,Health and beauty,73.49,10,36.745,771.645,2023-03-05,15:40,Ewallet,734.9,4.7619047619,36.745,9.9
INV-01051,C, Naypyitaw ,Normal,Male,Electronic accessories,15.68,7,5.488,115.24799999999999,2023-10-27,11:43,Ewallet,109.75999999999999,4.7619047619,5.488,9.9
INV-00245,A, Yangon ,Normal,Female,Sports and travel,51.17,8,20.468,429.82800000000003,2023-04-20,12:52,Ewallet,409.36,4.7619047619,20.468,5.0
INV-00057,A,Yangon,Member,M,Fashion accessories,22.91,7,8.0185,168.3885,2023-11-18,20:41,Credit card,160.37,4.7619047619,8.0185,5.0
INV-01076,B,Mandalay,Member,female,Fashion accessories,32.58,2,3.258,68.41799999999999,2023-05-10,17:33,Cash,65.16,4.7619047619,3.258,4.1
INV-01449,C,Naypyitaw,Normal,Female,Sports and travel,68.0,1,3.4,71.4,2023-10-28,18:50,Credit card,68.0,4.7619047619,3.4,5.6
INV-00762,B,Mandalay,Normal,Male,Food and beverages,15.53,4,3.106,65.226,2023-03-25,12:42,Cash,62.12,4.7619047619,3.106,7.4
INV-01277,A,Yangon,Member,Female,Electronic accessories,94.22,6,28.266,593.5859999999999,2023-05-09,16:05,Ewallet,565.3199999999999,4.7619047619,28.266,7.1
INV-01113,A,Yangon,Normal,Male,Electronic accessories,76.91,1,3.8455,80.7555,2023-10-10,16:45,Ewallet,76.91,4.7619047619,3.8455,7.0
INV-00044,C,Naypyitaw,Member,Female,,56.05,6,16.815,353.11499999999995,2023-02-19,15:06,Cash,336.29999999999995,4.7619047619,16.815,9.6
INV-00472,C,Naypyitaw,Member,Female,Home and lifestyle,47.12,8,18.848,395.808,2023-02-25,17:07,Cash,376.96,4.7619047619,18.848,8.3
INV-00880,A,Yangon,Member,Female,Fashion accessories,45.75,8,18.3,384.3,2023-06-06,11:41,Cash,366.0,4.7619047619,18.3,6.9
INV-01019,C,Naypyitaw,Member,Female,,20.93,3,3.1395,65.9295,2023-12-25,19:02,Ewallet,62.79,4.7619047619,3.1395,5.4
INV-00498,A,yangon,Member,Male,Electronic accessories,34.8,7,12.18,255.77999999999997,2023-01-15,12:56,Ewallet,243.59999999999997,4.7619047619,12.18,4.4
INV-00102,B,Mandalay,Member,Male,,99.5,8,39.8,835.8,2023-04-28,10:31,Ewallet,796.0,4.7619047619,39.8,6.1
INV-01197,C,Naypyitaw,Member,Female,Health and beauty,36.25,7,12.6875,266.4375,2023-05-16,16:12,Cash,253.75,4.7619047619,12.6875,6.7
INV-01381,A, Yangon ,Normal,Male,Electronic accessories,63.96,7,22.386,470.10600000000005,2023-08-26,15:59,Cash,447.72,4.7619047619,22.386,
INV-00108,C,Naypyitaw,Normal,Female,Fashion accessories,32.83,10,16.415,344.715,2023-04-19,20:51,Ewallet,328.29999999999995,4.7619047619,16.415,6.6
INV-00757,B,Mandalay,Member,Female,Food and beverages,95.63,4,19.126,401.64599999999996,2023-07-08,19:20,Credit card,382.52,4.7619047619,19.126,5.2
INV-00693,B,Mandalay,Member,F,Food and beverages,93.77,2,9.377,196.917,2023-08-12,18:28,Credit card,187.54,4.7619047619,9.377,5.4
INV-00812,C,Naypyitaw,Member,Male,Electronic accessories,69.7,7,24.395,512.2950000000001,2023-09-05,17:34,Cash,487.90000000000003,4.7619047619,24.395,10.0
INV-00428,C,naypyitaw,Member,Female,Health and beauty,82.94,7,29.029,609.6089999999999,2023-12-28,12:10,Cash,580.5799999999999,4.7619047619,29.029,9.8
INV-00561,C,Naypyitaw,Normal,Female,Home and lifestyle,43.66,9,19.647,412.58699999999993,2023-04-18,12:33,Credit card,392.93999999999994,4.7619047619,19.647,8.0
INV-01085,C,Naypyitaw,Member,Male,Health and beauty,89.63,9,40.3335,847.0034999999999,2023-07-31,14:58,Credit card,806.67,4.7619047619,40.3335,5.0
INV-01097,A,Yangon,Member,Female,Sports and travel,28.13,6,8.439,177.219,2023-10-09,17:40,Ewallet,168.78,4.7619047619,8.439,9.1
INV-00742,B,Mandalay,Normal,Female,Home and lifestyle,35.15,7,12.3025,258.35249999999996,2023-05-07,11:02,Cash,246.04999999999998,4.7619047619,12.3025,4.7
INV-00856,A,Yangon,Member,M,Health and beauty,62.79,8,25.116,527.436,2023-09-09,20:42,Credit card,502.32,4.7619047619,25.116,7.5
INV-00129,A,Yangon,Member,Male,Fashion accessories,36.89,9,16.6005,348.6105,2023-04-23,15:14,Credit card,332.01,4.7619047619,16.6005,6.6
INV-01103,C,Naypyitaw,Member,Male,Electronic accessories,25.47,6,7.641,160.46099999999998,2023-03-04,12:20,Credit card,152.82,4.7619047619,7.641,8.4
INV-00375,A,Yangon,Normal,Female,Fashion accessories,50.89,2,5.089,106.869,2023-05-16,12:33,Ewallet,101.78,4.7619047619,5.089,7.3
INV-01305,C, Naypyitaw ,Member,Male,Fashion accessories,45.3,4,9.06,190.26,2023-06-30,15:08,Ewallet,181.2,4.7619047619,9.06,7.5
INV-00887,B,Mandalay,Normal,Male,Fashion accessories,74.32,5,18.58,390.17999999999995,2023-10-02,12:05,Cash,371.59999999999997,4.7619047619,18.58,6.3
INV-00384,C,Naypyitaw,Member,,Electronic accessories,72.17,8,28.868,606.2280000000001,2023-10-06,14:45,Cash,577.36,4.7619047619,28.868,6.7
INV-00675,B,Mandalay,Member,F,Sports and travel,12.99,10,6.495,136.395,2023-10-27,16:44,Cash,129.9,4.7619047619,6.495,5.0
INV-01379,B,Mandalay,Member,Female,Electronic accessories,74.64,8,29.856,626.976,2023-02-02,13:18,Credit card,597.12,4.7619047619,29.856,6.4
INV-00362,B,Mandalay,Normal,Female,Electronic accessories,56.84,9,25.578,537.138,2023-06-03,10:09,Cash,511.56000000000006,4.7619047619,25.578,8.2
INV-00683,A,yangon,Member,Female,Health and beauty,57.71,1,2.8855,60.5955,2023-06-02,11:33,Ewallet,57.71,4.7619047619,2.8855,8.7
INV-01048,A,Yangon,Normal,Female,Electronic accessories,13.68,3,2.052,43.092,2023-08-15,10:51,Ewallet,41.04,4.7619047619,2.052,5.5
INV-00310,A,Yangon,Normal,Female,,61.02,1,3.051,64.071,2023-12-05,20:40,Cash,61.02,4.7619047619,3.051,4.7
INV-00248,C,Naypyitaw,Member,Female,Home and lifestyle,47.35,4,9.47,198.87,2023-10-20,14:03,Cash,189.4,4.7619047619,9.47,7.6
INV-01030,C,Naypyitaw,Normal,male,Sports and travel,83.18,10,41.59,873.3900000000001,2023-06-15,19:14,Credit card,831.8000000000001,4.7619047619,41.59,9.3
INV-01444,B,Mandalay,Normal,Female,Electronic accessories,34.1,10,17.05,358.05,2023-10-17,14:24,Cash,341.0,4.7619047619,17.05,8.3
INV-00591,A,Yangon,Member,Male,Food and beverages,91.29,7,31.9515,670.9815000000001,2023-01-24,14:47,Credit card,639.0300000000001,4.7619047619,31.9515,8.5
INV-00033,A, Yangon ,Member,Female,Electronic accessories,18.96,7,6.636,139.356,2023-03-23,15:51,Credit card,132.72,4.7619047619,6.636,
INV-00789,B,Mandalay,Normal,female,,22.51,4,4.502,94.542,2023-12-05,17:54,Ewallet,90.04,4.7619047619,4.502,
INV-00533,C,Naypyitaw,Normal,,Home and lifestyle,73.63,6,22.089,463.86899999999997,2023-06-10,17:45,Ewallet,441.78,4.7619047619,22.089,5.9
INV-00627,B,Mandalay,Normal,Female,Sports and travel,66.25,3,9.9375,208.6875,2023-11-01,14:36,Credit card,198.75,4.7619047619,9.9375,5.6
INV-00429,B, Mandalay ,Normal,Female,Home and lifestyle,34.54,8,13.816,290.13599999999997,2023-08-07,15:59,Ewallet,276.32,4.7619047619,13.816,8.0
INV-00670,A,Yangon,Normal,Female,Food and beverages,33.01,4,6.602,138.642,2023-08-01,19:14,Credit card,132.04,4.7619047619,6.602,5.2
INV-00368,C,Naypyitaw,Normal,Male,Fashion accessories,80.0,9,36.0,756.0,2023-11-15,15:24,Cash,720.0,4.7619047619,36.0,9.8
INV-00923,C,Naypyitaw,Normal,Female,Sports and travel,98.72,10,49.36,1036.56,2023-09-03,17:31,Cash,987.2,4.7619047619,49.36,5.5
INV-01125,B,Mandalay,Normal,male,,58.36,4,11.672,245.112,2023-12-28,14:49,Ewallet,233.44,4.7619047619,11.672,4.7
INV-00931,A,Yangon,Normal,Male,Food and beverages,11.8,9,5.31,111.51,2023-02-03,13:45,Cash,106.2,4.7619047619,5.31,9.7
INV-00232,B,mandalay,Normal,Male,Food and beverages,16.91,1,0.8455,17.7555,2023-12-29,20:46,Cash,16.91,4.7619047619,0.8455,
INV-00552,C,Naypyitaw,Member,Male,Electronic accessories,92.06,3,13.809,289.98900000000003,2023-03-31,11:12,Credit card,276.18,4.7619047619,13.809,8.2
INV-01326,B,Mandalay,Member,Female,Electronic accessories,12.16,6,3.648,76.608,2023-02-16,10:30,Cash,72.96000000000001,4.7619047619,3.648,5.7
INV-00383,B, Mandalay ,Member,Female,Electronic accessories,15.32,10,7.66,160.85999999999999,2023-08-13,14:49,Ewallet,153.2,4.7619047619,7.66,6.0
INV-00164,B,mandalay,Member,male,Sports and travel,42.82,9,19.269,404.649,2023-05-15,20:55,Ewallet,385.38,4.7619047619,19.269,4.7
INV-01443,B,Mandalay,Member,M,Food and beverages,42.28,2,4.228,88.788,2023-03-06,10:05,Ewallet,84.56,4.7619047619,4.228,
INV-00544,B,Mandalay,Normal,Female,Sports and travel,15.14,2,1.514,31.794,2023-06-01,13:46,Cash,30.28,4.7619047619,1.514,7.5
INV-01286,B,Mandalay,Normal,Female,Food and beverages,32.58,3,4.887,102.627,2023-10-20,19:40,Credit card,97.74,4.7619047619,4.887,4.7
INV-00998,A,Yangon,Normal,Female,Sports and travel,73.39,1,3.6695,77.0595,2023-04-12,11:52,Ewallet,73.39,4.7619047619,3.6695,5.1
INV-00821,C,Naypyitaw,Member,Male,Fashion accessories,97.27,7,34.0445,714.9345,2023-08-19,15:26,Cash,680.89,4.7619047619,34.0445,8.4
INV-01228,A,Yangon,Normal,Female,Health and beauty,94.5,1,4.725,99.225,2023-12-22,20:09,Ewallet,94.5,4.7619047619,4.725,9.2
INV-00193,C,Naypyitaw,Member,Male,Electronic accessories,14.33,1,0.7165,15.0465,2023-02-13,14:46,Cash,14.33,4.7619047619,0.7165,6.3
INV-01107,B,Mandalay,Normal,Male,Health and beauty,38.56,1,1.928,40.488,2023-05-03,17:08,Credit card,38.56,4.7619047619,1.928,4.3
INV-00064,B,Mandalay,Normal,M,Food and beverages,32.6,3,4.89,102.69000000000001,2023-01-24,15:22,Ewallet,97.80000000000001,4.7619047619,4.89,5.8
INV-01141,C,naypyitaw,Normal,Female,Sports and travel,99.6,8,39.84,836.64,2023-08-01,19:40,Credit card,796.8,4.7619047619,39.84,5.8
INV-00904,B,Mandalay,Member,Female,Fashion accessories,38.26,4,7.652,160.69199999999998,2023-06-04,12:48,Ewallet,153.04,4.7619047619,7.652,7.1
INV-01091,C,Naypyitaw,Normal,male,Food and beverages,449.5628075253971,5,14.125,4160.8788927141495,2023-09-13,12:23,Credit card,282.5,4.7619047619,14.125,4.8
INV-00615,C,Naypyitaw,Normal,Female,Food and beverages,107.40638323649928,10,8.79,1388.8728530812775,2023-09-23,10:58,Cash,175.79999999999998,4.7619047619,8.79,9.0
INV-00479,C,Naypyitaw,Normal,,Sports and travel,15.48,10,7.74,162.54000000000002,2023-06-29,12:52,Cash,154.8,4.7619047619,7.74,6.9
INV-00618,A,Yangon,Normal,M,Electronic accessories,543.0198832787362,9,42.714,9506.22452071896,2023-10-13,18:47,Cash,854.28,4.7619047619,42.714,8.3
INV-01248,A,Yangon,Member,Female,Sports and travel,68.57,9,30.8565,647.9864999999999,2023-11-09,19:18,Cash,617.1299999999999,4.7619047619,30.8565,5.0
INV-00219,B,mandalay,Member,Female,Fashion accessories,96.99,3,14.5485,305.51849999999996,2023-03-03,14:54,Cash,290.96999999999997,4.7619047619,14.5485,8.8
INV-00514,C,Naypyitaw,Normal,Male,Sports and travel,541.001961495627,1,3.173,992.9981944919327,2023-07-17,15:35,Credit card,63.46,4.7619047619,3.173,7.5
INV-01252,B,Mandalay,Normal,Female,,74.38,5,18.595,390.495,2023-05-04,18:38,Credit card,371.9,4.7619047619,18.595,4.5
INV-00974,A,Yangon,Member,Female,Electronic accessories,54.75,1,2.7375,57.4875,2023-10-10,16:21,Credit card,54.75,4.7619047619,2.7375,
INV-01476,B,Mandalay,Member,,Electronic accessories,75.0,6,22.5,472.5,2023-08-04,15:36,Credit card,450.0,4.7619047619,22.5,9.5
INV-01044,B,mandalay,Normal,Female,Electronic accessories,85.28,8,34.112,716.352,2023-03-31,17:06,Cash,682.24,4.7619047619,34.112,6.1
INV-01278,C,Naypyitaw,Normal,Male,Fashion accessories,51.14,10,25.57,536.97,2023-08-22,20:34,Credit card,511.4,4.7619047619,25.57,6.7
INV-01112,A, Yangon ,Normal,,Home and lifestyle,91.56,10,45.78,961.38,2023-01-08,20:31,Cash,915.6,4.7619047619,45.78,4.8
INV-01117,A,Yangon,Member,Female,Health and beauty,10.95,3,1.6425,34.49249999999999,2023-02-28,13:18,Credit card,32.849999999999994,4.7619047619,1.6425,5.5
INV-00967,C,Naypyitaw,Member,Female,Fashion accessories,54.31,8,21.724,456.204,2023-04-19,11:23,Cash,434.48,4.7619047619,21.724,6.5
INV-00893,C,Naypyitaw,Normal,Female,Sports and travel,75.6,10,37.8,793.8,2023-05-22,10:14,Ewallet,756.0,4.7619047619,37.8,5.0
INV-01342,B,Mandalay,Normal,Male,Health and beauty,19.34,8,7.736,162.456,2023-06-23,14:49,Ewallet,154.72,4.7619047619,7.736,7.4
INV-00304,B,Mandalay,Member,Male,Sports and travel,80.73,3,12.1095,254.2995,2023-05-16,17:02,Cash,242.19,4.7619047619,12.1095,8.8
INV-00665,A,Yangon,Member,Male,Home and lifestyle,62.44,8,24.976,524.496,2023-08-01,12:25,Credit card,499.52,4.7619047619,24.976,7.9
INV-00650,B,Mandalay,Member,Male,Food and beverages,22.78,7,7.973,167.43300000000002,2023-05-01,16:42,Credit card,159.46,4.7619047619,7.973,8.7
INV-00483,B, Mandalay ,Member,Male,Home and lifestyle,47.4,6,14.22,298.62,2023-01-13,12:31,Credit card,284.4,4.7619047619,14.22,8.1
INV-01207,B,Mandalay,Normal,Male,Food and beverages,70.66,8,28.264,593.544,2023-07-14,20:19,Credit card,565.28,4.7619047619,28.264,9.0
INV-01395,B,Mandalay,Normal,Male,Home and lifestyle,22.51,3,3.3765,70.9065,2023-10-03,14:54,Credit card,67.53,4.7619047619,3.3765,5.2
INV-00501,B,Mandalay,Member,M,Food and beverages,62.93,2,6.293,132.153,2023-04-02,16:23,Cash,125.86,4.7619047619,6.293,4.9
INV-00589,A,Yangon,Member,Female,Fashion accessories,12.3,8,4.92,103.32000000000001,2023-03-17,11:22,Cash,98.4,4.7619047619,4.92,7.5
INV-01221,C,Naypyitaw,Member,Female,Fashion accessories,56.3,7,19.705,413.80499999999995,2023/08/11,11:14,Ewallet,394.09999999999997,4.7619047619,19.705,7.8
INV-01027,C, Naypyitaw ,Member,Male,Home and lifestyle,35.17,1,1.7585,36.9285,2023-11-03,18:47,Ewallet,35.17,4.7619047619,1.7585,5.7
INV-00278,B, Mandalay ,Normal,Female,Electronic accessories,43.44,6,13.032,273.67199999999997,2023-08-05,14:13,Ewallet,260.64,4.7619047619,13.032,4.8
INV-01205,B,Mandalay,Normal,,Fashion accessories,87.9,1,4.395,92.295,2023-12-12,20:10,Ewallet,87.9,4.7619047619,4.395,4.6
INV-00888,A,Yangon,Member,Male,Fashion accessories,31.62,1,1.581,33.201,2023-12-20,17:54,Ewallet,31.62,4.7619047619,1.581,5.7
INV-00927,A, Yangon ,Member,Female,,59.01,3,8.8515,185.8815,2023-01-27,20:37,Cash,177.03,4.7619047619,8.8515,9.5
INV-00237,A,Yangon,Member,Male,Electronic accessories,20.27,9,9.1215,191.5515,2023-01-17,14:51,Ewallet,182.43,4.7619047619,9.1215,8.3
INV-01373,C,Naypyitaw,Normal,Male,Fashion accessories,93.32,9,41.994,881.8739999999999,2023-11-14,11:32,Ewallet,839.8799999999999,4.7619047619,41.994,5.4
INV-01023,C,Naypyitaw,Normal,Male,Home and lifestyle,53.85,9,24.2325,508.88250000000005,2023-10-04,15:50,Credit card,484.65000000000003,4.7619047619,24.2325,7.0
INV-01494,A,Yangon,Normal,,Sports and travel,65.9,3,9.885,207.585,2023-08-23,11:54,Credit card,197.70000000000002,4.7619047619,9.885,7.4
INV-01356,C,Naypyitaw,Member,F,Electronic accessories,81.7,1,4.085,85.785,2023-05-16,16:01,Ewallet,81.7,4.7619047619,4.085,4.9
INV-01074,A,Yangon,Member,Male,Health and beauty,59.28,1,2.964,62.244,2023-02-15,11:16,Cash,59.28,4.7619047619,2.964,5.3
INV-00209,A,Yangon,Normal,Female,Home and lifestyle,73.04,1,3.652,76.69200000000001,2023-12-20,18:05,Cash,73.04,4.7619047619,3.652,6.6
INV-00773,A,Yangon,Normal,Male,Health and beauty,99.44,-1,29.832,626.472,2023-02-08,18:20,Credit card,596.64,4.7619047619,29.832,6.3
INV-00616,C,Naypyitaw,Member,Female,Home and lifestyle,71.44,6,21.432,450.072,2023-08-26,11:41,Ewallet,428.64,4.7619047619,21.432,8.7
INV-01190,C,Naypyitaw,Normal,Female,Sports and travel,58.83,1,2.9415,61.771499999999996,2023-01-08,20:48,Cash,58.83,4.7619047619,2.9415,9.5
INV-00059,A,Yangon,Member,female,Electronic accessories,51.77,2,5.177,108.71700000000001,2023-07-05,19:59,Ewallet,103.54,4.7619047619,5.177,5.8
INV-00343,A,Yangon,Normal,,Electronic accessories,85.35,9,38.4075,806.5575,2023-01-21,16:05,Ewallet,768.15,4.7619047619,38.4075,
INV-00395,B, Mandalay ,Member,Male,Food and beverages,47.23,9,21.2535,446.32349999999997,2023-02-23,11:35,Cash,425.07,4.7619047619,21.2535,6.9
INV-00454,C,Naypyitaw,Normal,Female,Sports and travel,75.78,7,26.523,556.9830000000001,2023-07-01,14:41,Credit card,530.46,4.7619047619,26.523,7.2
INV-00844,C, Naypyitaw ,Normal,Female,Sports and travel,70.43,2,7.043,147.90300000000002,2023-09-22,10:33,Cash,140.86,4.7619047619,7.043,8.1
INV-01231,C,Naypyitaw,Member,Male,Sports and travel,78.12,5,19.53,410.13,2023-01-24,19:41,Cash,390.6,4.7619047619,19.53,6.9
INV-01055,C, Naypyitaw ,Normal,Female,Sports and travel,26.16,6,7.848,164.80800000000002,2023-02-16,12:21,Ewallet,156.96,4.7619047619,7.848,7.5
INV-01282,C,Naypyitaw,Normal,Female,Home and lifestyle,64.86,3,9.729,204.30899999999997,2023-09-05,11:32,Ewallet,194.57999999999998,4.7619047619,9.729,7.6
INV-00381,A,Yangon,Member,Male,Health and beauty,71.25,10,35.625,748.125,2023-05-26,18:24,Credit card,712.5,4.7619047619,35.625,4.1
INV-01461,B,Mandalay,Normal,Male,Sports and travel,83.45,6,25.035,525.735,2023-03-31,17:33,Credit card,500.70000000000005,4.7619047619,25.035,6.5
INV-01340,A, Yangon ,Member,Female,Sports and travel,15.31,1,0.7655,16.0755,2023-09-04,16:04,Ewallet,15.31,4.7619047619,0.7655,7.1
INV-01281,B,Mandalay,Normal,male,,20.07,7,7.0245,147.5145,2023-07-16,11:19,Ewallet,140.49,4.7619047619,7.0245,8.0
INV-01193,B,Mandalay,Normal,female,Health and beauty,63.38,4,12.676,266.196,2023-12-02,17:01,Ewallet,253.52,4.7619047619,12.676,6.0
INV-00868,A,Yangon,Normal,Female,Fashion accessories,16.5,7,5.775,121.275,2023-07-08,12:06,Cash,115.5,4.7619047619,5.775,7.9
INV-00746,C,Naypyitaw,Member,Male,Electronic accessories,87.66,2,8.766,184.08599999999998,2023-03-20,13:04,Ewallet,175.32,4.7619047619,8.766,5.2
INV-00234,B,Mandalay,Normal,F,Electronic accessories,15.5,1,0.775,16.275,2023-01-31,19:18,Credit card,15.5,4.7619047619,0.775,4.7
INV-01312,C,Naypyitaw,Member,M,Electronic accessories,88.27,7,30.8945,648.7845,2023-12-04,19:40,Cash,617.89,4.7619047619,30.8945,
INV-00197,C,Naypyitaw,Normal,Male,Home and lifestyle,34.46,3,5.169,108.54899999999999,2023-03-06,11:37,Ewallet,103.38,4.7619047619,5.169,6.7
INV-01191,A,Yangon,Normal,female,Health and beauty,68.82,10,34.41,722.6099999999999,2023-03-15,10:02,Ewallet,688.1999999999999,4.7619047619,34.41,
INV-01303,A,yangon,Normal,Female,Fashion accessories,62.89,1,3.1445,66.0345,2023-04-28,18:33,Credit card,62.89,4.7619047619,3.1445,9.7
INV-00082,B, Mandalay ,Member,Female,Home and lifestyle,75.18,4,15.036,315.75600000000003,2023-12-26,20:05,Credit card,300.72,4.7619047619,15.036,5.7
INV-01451,B,Mandalay,Normal,Male,Fashion accessories,30.92,8,12.368,259.728,2023-04-30,15:30,Credit card,247.36,4.7619047619,12.368,7.3
INV-00669,A,Yangon,Normal,F,Sports and travel,15.05,7,5.2675,110.6175,2023-08-27,14:23,Cash,105.35000000000001,4.7619047619,5.2675,7.3
INV-01394,B,mandalay,Normal,Male,Home and lifestyle,83.96,8,33.584,705.2639999999999,2023-05-01,14:29,Ewallet,671.68,4.7619047619,33.584,8.3
INV-00112,A,Yangon,Member,Female,Health and beauty,39.32,8,15.728,330.288,2023-12-02,10:29,Cash,314.56,4.7619047619,15.728,9.6
INV-01320,A, Yangon ,Member,female,Food and beverages,94.39,2,9.439,198.219,2023-06-08,11:57,Credit card,188.78,4.7619047619,9.439,7.8
INV-00830,B, Mandalay ,Normal,male,Fashion accessories,65.82,5,16.455,345.55499999999995,2023-09-11,16:36,Cash,329.09999999999997,4.7619047619,16.455,5.9
INV-01310,C,Naypyitaw,Member,Female,,16.69,9,7.5105,157.72050000000002,2023-05-09,18:04,Cash,150.21,4.7619047619,7.5105,5.8
INV-01000,B,Mandalay,Normal,Female,Home and lifestyle,76.49,8,30.596,642.516,2023-02-28,17:08,Cash,611.92,4.7619047619,30.596,6.0
INV-01309,B, Mandalay ,Normal,Female,Food and beverages,15.75,2,1.575,33.075,2023-11-14,16:17,Ewallet,31.5,4.7619047619,1.575,6.9
INV-01313,B,Mandalay,Normal,Female,Home and lifestyle,52.5,4,10.5,220.5,2023-12-15,11:31,Credit card,210.0,4.7619047619,10.5,
INV-00693,B,Mandalay,Member,Female,Food and beverages,93.77,2,9.377,196.917,2023-08-12,18:28,Credit card,187.54,4.7619047619,9.377,5.4
INV-00311,B,Mandalay,Member,Male,Health and beauty,41.64,5,10.41,218.60999999999999,2023-09-07,11:49,Ewallet,208.2,4.7619047619,10.41,5.6
INV-00630,A,Yangon,Normal,F,Food and beverages,87.37,2,8.737,183.477,2023/11/10,17:41,Credit card,174.74,4.7619047619,8.737,6.4
INV-00430,A,Yangon,Normal,Male,Sports and travel,75.84,10,37.92,796.32,2023-10-15,13:22,Cash,758.4000000000001,4.7619047619,37.92,6.4
INV-00571,B,mandalay,Member,Male,Food and beverages,75.35,4,15.07,316.46999999999997,2023-04-20,14:39,Ewallet,301.4,4.7619047619,15.07,9.2
INV-00890,A,Yangon,Normal,Female,Food and beverages,35.41,2,3.541,74.36099999999999,2023-04-09,15:36,Ewallet,70.82,4.7619047619,3.541,
INV-01327,A,Yangon,Member,Female,Electronic accessories,58.07,4,11.614,243.894,2023-06-01,15:24,Ewallet,232.28,4.7619047619,11.614,6.2
INV-00367,C,Naypyitaw,Member,Male,Home and lifestyle,92.58,4,18.516,388.836,2023-08-23,20:23,Ewallet,370.32,4.7619047619,18.516,5.1
INV-00959,A,Yangon,Member,Female,Electronic accessories,11.99,10,5.995,125.89500000000001,2023-06-06,20:24,Cash,119.9,4.7619047619,5.995,5.6
INV-00038,A,Yangon,Normal,Male,Home and lifestyle,54.3,7,19.005,399.10499999999996,2023-03-21,11:26,Cash,380.09999999999997,4.7619047619,19.005,4.0
INV-01392,A,Yangon,Normal,Male,Electronic accessories,30.73,9,13.8285,290.3985,2023-03-01,18:22,Ewallet,276.57,4.7619047619,13.8285,8.7
INV-01380,B,Mandalay,Member,Female,Fashion accessories,21.2,7,7.42,155.82,2023-11-22,14:54,Credit card,148.4,4.7619047619,7.42,7.0
INV-00900,A,Yangon,Member,Male,Fashion accessories,55.18,7,19.313,405.573,2023-06-01,20:02,Credit card,386.26,4.7619047619,19.313,6.8
INV-00486,C,Naypyitaw,Member,Male,Home and lifestyle,18.22,3,2.733,57.392999999999994,2023-07-24,14:31,Ewallet,54.66,4.7619047619,2.733,8.9
INV-00539,B,Mandalay,Normal,Male,Electronic accessories,76.23,10,38.115,800.4150000000001,2023-12-08,19:19,Cash,762.3000000000001,4.7619047619,38.115,9.4
INV-00482,B,Mandalay,Member,,Electronic accessories,38.71,6,11.613,243.873,2023-04-25,15:12,Credit card,232.26,4.7619047619,11.613,4.3
INV-00907,C,Naypyitaw,Member,,Home and lifestyle,88.54,9,39.843,836.703,2023-10-01,12:36,Ewallet,796.86,4.7619047619,39.843,4.1
INV-00621,A,Yangon,Normal,F,Home and lifestyle,80.49,1,4.0245,84.5145,2023-08-22,12:59,Cash,80.49,4.7619047619,4.0245,5.2
INV-00719,A,Yangon,Normal,M,,73.99,3,11.0985,233.06849999999997,2023-05-14,20:46,Credit card,221.96999999999997,4.7619047619,11.0985,7.2
INV-00723,A,Yangon,Normal,Male,Sports and travel,19.72,1,0.986,20.706,2023-08-21,16:24,Ewallet,19.72,4.7619047619,0.986,5.4
INV-01421,B,Mandalay,Normal,Male,Electronic accessories,94.4,10,47.2,991.2,2023-02-20,14:58,Credit card,944.0,4.7619047619,47.2,5.7
INV-01317,B,Mandalay,Member,Female,Fashion accessories,41.25,1,2.0625,43.3125,2023-11-18,19:10,Credit card,41.25,4.7619047619,2.0625,7.2
INV-00255,A,Yangon,Normal,Female,Electronic accessories,20.01,5,5.0025,105.05250000000001,2023-02-18,12:17,Ewallet,100.05000000000001,4.7619047619,5.0025,6.9
INV-00323,B,Mandalay,Member,,Electronic accessories,27.95,6,8.385,176.08499999999998,2023-10-27,10:50,Credit card,167.7,4.7619047619,8.385,5.5
INV-01129,B,Mandalay,Normal,Female,Fashion accessories,38.46,9,17.307,363.447,2023-08-30,17:34,Cash,346.14,4.7619047619,17.307,6.1
INV-00452,B,Mandalay,Member,female,Sports and travel,41.89,6,12.567,263.907,2023-12-08,10:31,Cash,251.34,4.7619047619,12.567,6.4
INV-01298,A,Yangon,Normal,Male,Home and lifestyle,52.5,3,7.875,165.375,2023-12-18,12:07,Credit card,157.5,4.7619047619,7.875,7.8
INV-01369,A,yangon,Normal,Female,Home and lifestyle,68.89,9,31.0005,651.0105,2023-12-12,13:57,Cash,620.01,4.7619047619,31.0005,5.9
INV-01180,B,Mandalay,Member,Male,Food and beverages,95.91,7,33.5685,704.9385,2023-01-19,11:50,Ewallet,671.37,4.7619047619,33.5685,4.1
INV-01134,A, Yangon ,Normal,Female,Health and beauty,36.82,2,3.682,77.322,2023-07-16,10:28,Credit card,73.64,4.7619047619,3.682,7.5
INV-00906,C,Naypyitaw,Normal,Female,,29.49,2,2.949,61.928999999999995,2023-12-29,11:19,Ewallet,58.98,4.7619047619,2.949,9.1
INV-00491,B, Mandalay ,Member,Male,Sports and travel,15.48,8,6.192,130.032,2023-06-29,15:03,Ewallet,123.84,4.7619047619,6.192,
INV-00087,C, Naypyitaw ,Normal,Male,Fashion accessories,82.54,1,4.127,86.667,2023-11-22,14:13,Cash,82.54,4.7619047619,4.127,8.3
INV-01468,B,Mandalay,Normal,Female,Food and beverages,57.83,5,14.4575,303.60749999999996,2023-05-02,10:48,Ewallet,289.15,4.7619047619,14.4575,4.8
INV-00366,B,Mandalay,Normal,Male,Fashion accessories,20.22,3,3.033,63.693,2023-01-05,13:49,Ewallet,60.66,4.7619047619,3.033,4.8
INV-00266,C,Naypyitaw,Normal,Male,Home and lifestyle,18.87,4,3.774,79.254,2023-11-27,11:23,Ewallet,75.48,4.7619047619,3.774,
INV-00288,B,Mandalay,Normal,Male,Food and beverages,42.38,1,2.119,44.499,2023-11-30,17:38,Cash,42.38,4.7619047619,2.119,5.0
INV-01200,A,Yangon,Member,Female,Fashion accessories,36.03,6,10.809,226.989,2023-12-21,12:55,Credit card,216.18,4.7619047619,10.809,8.9
INV-00359,C, Naypyitaw ,Normal,Male,Sports and travel,10.66,2,1.066,22.386,2023-03-09,16:23,Ewallet,21.32,4.7619047619,1.066,8.2
INV-00480,B,Mandalay,Normal,Female,Sports and travel,72.46,6,21.738,456.498,2023-06-06,15:59,Cash,434.76,4.7619047619,21.738,6.3
INV-01186,C,Naypyitaw,Normal,Male,,66.6,-1,19.98,419.58,2023-08-14,18:36,Cash,399.59999999999997,4.7619047619,19.98,9.5
INV-00918,C,Naypyitaw,Normal,female,,48.78,7,17.073,358.533,2023-02-22,19:49,Ewallet,341.46000000000004,4.7619047619,17.073,9.2
INV-01325,C,Naypyitaw,Normal,Male,Fashion accessories,80.94,4,16.188,339.948,2023-03-09,10:15,Credit card,323.76,4.7619047619,16.188,7.5
INV-00860,A,Yangon,Member,M,Home and lifestyle,27.38,8,10.952,229.992,2023-05-31,10:34,Cash,219.04,4.7619047619,10.952,6.4
INV-00222,B,Mandalay,Normal,male,Health and beauty,70.85,2,7.085,148.785,2023-02-02,18:02,Ewallet,141.7,4.7619047619,7.085,4.8
INV-00114,C,Naypyitaw,Normal,Male,Health and beauty,49.81,1,2.4905,52.3005,2023-07-22,15:36,Ewallet,49.81,4.7619047619,2.4905,5.4
INV-00608,B,Mandalay,Normal,Female,Fashion accessories,30.82,4,6.164,129.444,2023-12-19,18:59,Cash,123.28,4.7619047619,6.164,4.4
INV-00619,C, Naypyitaw ,Member,Male,Home and lifestyle,88.41,3,13.2615,278.49150000000003,2023-05-08,10:58,Ewallet,265.23,4.7619047619,13.2615,5.3
INV-00175,B,Mandalay,Member,Female,Home and lifestyle,70.63,10,35.315,741.615,2023-03-20,11:51,Cash,706.3,4.7619047619,35.315,5.2
INV-01405,B,Mandalay,Normal,,Electronic accessories,67.69,6,20.307,426.447,2023-03-21,10:43,Cash,406.14,4.7619047619,20.307,7.7
INV-00568,B,Mandalay,Member,male,Food and beverages,96.87,10,48.435,1017.135,2023-08-15,18:22,Credit card,968.7,4.7619047619,48.435,4.1
INV-01203,A,Yangon,Normal,Female,Health and beauty,20.64,4,4.128,86.688,2023-02-11,14:05,Ewallet,82.56,4.7619047619,4.128,8.2
INV-01241,C, Naypyitaw ,Normal,Male,Electronic accessories,24.26,7,8.491,178.31100000000004,2023-07-30,16:22,Credit card,169.82000000000002,4.7619047619,8.491,7.6
INV-00019,B,Mandalay,Normal,Female,Home and lifestyle,55.64,6,16.692,350.53200000000004,2023-09-16,17:56,Cash,333.84000000000003,4.7619047619,16.692,6.1
INV-01038,C,Naypyitaw,Normal,Female,Fashion accessories,22.32,5,5.58,117.17999999999999,2023-10-28,11:07,Cash,111.6,4.7619047619,5.58,5.3
INV-00286,A,Yangon,Normal,Male,Home and lifestyle,81.23,2,8.123,170.583,2023-02-20,19:29,Credit card,162.46,4.7619047619,8.123,9.9
INV-00924,C,Naypyitaw,Member,Male,,81.22,3,12.183,255.843,2023-08-14,13:22,Credit card,243.66,4.7619047619,12.183,7.8
INV-01426,C,Naypyitaw,Member,Female,Fashion accessories,29.81,3,4.4715,93.9015,2023-07-03,15:07,Ewallet,89.42999999999999,4.7619047619,4.4715,
INV-01237,C,Naypyitaw,Normal,Male,Health and beauty,12.74,10,6.37,133.77,2023-08-09,20:28,Ewallet,127.4,4.7619047619,6.37,
INV-00032,A,Yangon,Normal,female,Fashion accessories,21.63,10,10.815,227.11499999999998,2023-01-04,16:06,Credit card,216.29999999999998,4.7619047619,10.815,5.3
INV-00586,A,Yangon,Member,Male,Health and beauty,22.88,3,3.432,72.072,2023-06-08,15:49,Credit card,68.64,4.7619047619,3.432,6.1
INV-00211,B,Mandalay,Member,Male,,40.36,6,12.108,254.268,2023-06-09,16:32,Credit card,242.16,4.7619047619,12.108,9.1
INV-01033,A,Yangon,Member,Male,Fashion accessories,44.7,1,2.235,46.935,2023-01-14,20:37,Credit card,44.7,4.7619047619,2.235,
INV-00215,C,Naypyitaw,Member,Female,Health and beauty,93.17,10,46.585,978.2850000000001,2023-07-11,15:49,Cash,931.7,4.7619047619,46.585,9.3
INV-01286,B, Mandalay ,Normal,Female,Food and beverages,32.58,3,4.887,102.627,2023-10-20,19:40,Credit card,97.74,4.7619047619,4.887,4.7
INV-00863,B,Mandalay,Member,male,Home and lifestyle,44.04,8,17.616,369.936,2023-12-21,18:46,Credit card,352.32,4.7619047619,17.616,6.2
INV-00835,B, Mandalay ,Member,Male,Electronic accessories,66.99,3,10.0485,211.01849999999996,2023-07-01,17:46,Credit card,200.96999999999997,4.7619047619,10.0485,9.1
INV-01168,B,Mandalay,Normal,female,Electronic accessories,48.58,2,4.858,102.018,2023-04-30,17:04,Credit card,97.16,4.7619047619,4.858,4.2
INV-00416,B,Mandalay,Member,Female,Food and beverages,68.27,8,27.308,573.468,2023-11-21,12:20,Credit card,546.16,4.7619047619,27.308,8.9
INV-01463,A,Yangon,Normal,Female,Sports and travel,91.88,2,9.188,192.94799999999998,2023-12-05,19:14,Credit card,183.76,4.7619047619,9.188,6.4
INV-00189,B,Mandalay,Normal,Male,Health and beauty,84.92,4,16.984,356.664,2023-01-30,15:04,Cash,339.68,4.7619047619,16.984,9.4
INV-00421,C,Naypyitaw,Member,Male,Fashion accessories,75.72,4,15.144,318.024,2023-06-20,18:40,Cash,302.88,4.7619047619,15.144,7.6
INV-01126,B,Mandalay,Member,male,Food and beverages,27.28,10,13.64,286.44,2023-05-20,18:52,Ewallet,272.8,4.7619047619,13.64,5.2
INV-01329,B,Mandalay,Member,F,Health and beauty,77.38,6,23.214,487.49399999999997,2023-08-01,10:35,Cash,464.28,4.7619047619,23.214,4.3
INV-00148,B,Mandalay,Member,Male,Health and beauty,22.42,9,10.089,211.86900000000003,2023-05-09,20:59,Credit card,201.78000000000003,4.7619047619,10.089,5.2
INV-00423,A,Yangon,Member,Female,Health and beauty,66.76,9,30.042,630.8820000000001,2023-11-23,12:27,Credit card,600.84,4.7619047619,30.042,7.0
INV-01210,C,Naypyitaw,Normal,Male,Health and beauty,81.61,8,32.644,685.524,2023-09-07,11:00,Credit card,652.88,4.7619047619,32.644,4.1
INV-00084,A,Yangon,Member,female,Sports and travel,67.01,5,16.7525,351.8025,2023-11-28,20:27,Ewallet,335.05,4.7619047619,16.7525,4.6
INV-00713,B,Mandalay,Member,Female,Fashion accessories,30.87,10,15.435,324.135,2023-11-26,10:59,Ewallet,308.7,4.7619047619,15.435,6.7
INV-00049,B,Mandalay,Member,Female,Food and beverages,22.16,3,3.324,69.804,2023-01-23,11:22,Ewallet,66.48,4.7619047619,3.324,8.9
INV-01152,C,Naypyitaw,Normal,Male,,38.61,8,15.444,324.324,2023-03-18,19:17,Credit card,308.88,4.7619047619,15.444,7.0
INV-00156,A,Yangon,Member,male,Fashion accessories,51.74,10,25.87,543.27,2023-11-25,14:50,Credit card,517.4,4.7619047619,25.87,7.4
INV-01106,A, Yangon ,Member,Male,Sports and travel,15.75,4,3.15,66.15,2023-11-08,15:00,Ewallet,63.0,4.7619047619,3.15,9.4
INV-01178,A,Yangon,Member,Male,Food and beverages,31.8,1,1.59,33.39,2023-03-19,20:44,Ewallet,31.8,4.7619047619,1.59,9.2
INV-00782,B,Mandalay,Member,Male,Electronic accessories,78.48,5,19.62,412.02000000000004,2023-11-04,10:35,Ewallet,392.40000000000003,4.7619047619,19.62,6.6
INV-01088,A,Yangon,Member,,Electronic accessories,99.39,5,24.8475,521.7975,2023-09-23,12:20,Ewallet,496.95,4.7619047619,24.8475,7.3
INV-01150,C,Naypyitaw,Normal,Female,Electronic accessories,85.47,6,25.641,538.4609999999999,2023-12-04,15:45,Credit card,512.8199999999999,4.7619047619,25.641,9.7
INV-01271,B,Mandalay,Normal,Male,Electronic accessories,78.93,6,23.679,497.259,2023-06-26,13:02,Credit card,473.58000000000004,4.7619047619,23.679,5.9
INV-01159,C,Naypyitaw,Normal,Male,Food and beverages,67.11,9,30.1995,634.1895,2023-10-06,12:15,Ewallet,603.99,4.7619047619,30.1995,9.3
INV-00814,C,Naypyitaw,Member,Female,Sports and travel,46.13,5,11.5325,242.1825,2023-08-12,14:16,Credit card,230.65,4.7619047619,11.5325,5.0
INV-00180,A,Yangon,Member,female,Health and beauty,30.93,10,15.465,324.765,2023-01-01,17:28,Ewallet,309.3,4.7619047619,15.465,5.9
INV-00984,A,yangon,Normal,F,Health and beauty,86.63,7,30.3205,636.7305,2023-01-17,14:47,Credit card,606.41,4.7619047619,30.3205,5.5
INV-01289,A,Yangon,Member,Male,Food and beverages,586.4959096051757,6,24.201,6879.0576867565715,2023-06-01,14:44,Ewallet,484.02,4.7619047619,24.201,4.5
INV-00562,A,Yangon,Normal,Female,Fashion accessories,89.77,6,26.931,565.551,2023-08-09,13:35,Cash,538.62,4.7619047619,26.931,5.3
INV-00549,B, Mandalay ,Member,female,Electronic accessories,28.85,3,4.3275,90.87750000000001,2023-12-07,16:09,Ewallet,86.55000000000001,4.7619047619,4.3275,7.5
INV-00870,C,Naypyitaw,Normal,Female,Food and beverages,86.83,5,21.7075,455.85749999999996,2023-10-11,12:15,Credit card,434.15,4.7619047619,21.7075,6.4
INV-00364,B,Mandalay,Normal,Male,Home and lifestyle,28.17,10,14.085,295.785,2023-06-11,17:02,Ewallet,281.70000000000005,4.7619047619,14.085,9.2
INV-00427,B,mandalay,Normal,,Fashion accessories,27.53,3,4.1295,86.71950000000001,2023-10-10,12:19,Ewallet,82.59,4.7619047619,4.1295,5.8
INV-01217,A, Yangon ,Normal,Female,Fashion accessories,81.77,6,24.531,515.151,2023-12-17,15:52,Ewallet,490.62,4.7619047619,24.531,9.5
INV-00926,A,Yangon,Normal,M,Electronic accessories,40.53,9,18.2385,383.00849999999997,2023-04-05,16:11,Ewallet,364.77,4.7619047619,18.2385,6.5
INV-00347,B,Mandalay,Normal,Male,Health and beauty,11.11,1,0.5555,11.6655,2023/12/03,11:05,Cash,11.11,4.7619047619,0.5555,
INV-01075,C,Naypyitaw,Normal,Female,Sports and travel,94.94,2,9.494,199.374,2023-06-11,20:55,Cash,189.88,4.7619047619,9.494,7.0
INV-00915,B,Mandalay,Member,female,Sports and travel,92.55,3,13.8825,291.53249999999997,2023-03-06,11:27,Cash,277.65,4.7619047619,13.8825,7.9
INV-00590,A,Yangon,Normal,Male,,80.92,1,4.046,84.96600000000001,2023-01-13,17:41,Ewallet,80.92,4.7619047619,4.046,7.1
INV-00899,A,Yangon,Member,male,Food and beverages,10.35,7,3.6225,76.0725,2023-04-10,18:36,Ewallet,72.45,4.7619047619,3.6225,5.3
INV-01336,B,Mandalay,Member,Male,Electronic accessories,15.01,4,3.002,63.042,2023-09-14,18:43,Ewallet,60.04,4.7619047619,3.002,5.6
INV-01212,B, Mandalay ,Normal,Male,Electronic accessories,35.41,3,5.3115,111.54149999999998,2023-01-19,11:08,Ewallet,106.22999999999999,4.7619047619,5.3115,5.9
INV-00911,B,Mandalay,Normal,Female,Home and lifestyle,33.56,3,5.034,105.71400000000001,2023-01-28,16:48,Ewallet,100.68,4.7619047619,5.034,7.3
INV-00671,A,Yangon,Normal,Female,Home and lifestyle,57.48,10,28.74,603.54,2023-02-01,13:08,Credit card,574.8,4.7619047619,28.74,5.9
INV-00244,B,Mandalay,Normal,Male,Electronic accessories,65.48,1,3.274,68.754,2023-09-06,18:26,Cash,65.48,4.7619047619,3.274,8.6
INV-00170,B,Mandalay,Normal,Female,,82.37,4,16.474,345.954,2023-06-02,19:41,Cash,329.48,4.7619047619,16.474,
INV-00576,C,Naypyitaw,Member,Male,Food and beverages,67.25,3,10.0875,211.8375,2023-02-13,14:45,Cash,201.75,4.7619047619,10.0875,
INV-00655,B,Mandalay,Normal,Male,Food and beverages,39.35,2,3.935,82.635,2023-02-11,14:24,Cash,78.7,4.7619047619,3.935,
INV-00813,A,Yangon,Normal,male,Fashion accessories,20.64,9,9.288,195.048,2023-08-27,20:22,Ewallet,185.76,4.7619047619,9.288,7.3
INV-01035,A,Yangon,Member,male,Fashion accessories,87.04,6,26.112,548.352,2023-04-28,15:01,Ewallet,522.24,4.7619047619,26.112,7.0
INV-00737,B,mandalay,Member,Male,Sports and travel,58.15,3,8.7225,183.17249999999999,2023-11-29,18:24,Credit card,174.45,4.7619047619,8.7225,5.5
INV-00436,C, Naypyitaw ,Member,M,Home and lifestyle,90.11,1,4.5055,94.6155,2023-10-07,12:40,Ewallet,90.11,4.7619047619,4.5055,5.7
INV-01467,C,Naypyitaw,Normal,Male,Food and beverages,61.21,4,12.242,257.082,2023-07-03,18:52,Cash,244.84,4.7619047619,12.242,7.0
INV-01285,B,Mandalay,Member,Female,Sports and travel,98.8,2,9.88,207.48,2023-07-15,15:25,Cash,197.6,4.7619047619,9.88,4.4
INV-00309,C,Naypyitaw,Member,Female,Electronic accessories,30.4,10,15.2,319.2,2023-10-12,13:46,Cash,304.0,4.7619047619,15.2,5.9
INV-00431,A, Yangon ,Member,Male,Home and lifestyle,43.49,3,6.5235,136.9935,2023-01-05,18:57,Ewallet,130.47,4.7619047619,6.5235,5.7
INV-00939,A,Yangon,Member,Male,Electronic accessories,29.72,4,5.944,124.824,2023-03-19,14:28,Cash,118.88,4.7619047619,5.944,9.1
INV-00399,C,Naypyitaw,Normal,Female,Food and beverages,98.97,10,49.485,1039.185,2023-02-24,20:11,Credit card,989.7,4.7619047619,49.485,4.6
INV-00424,B,Mandalay,Member,Female,Health and beauty,76.57,-1,11.4855,241.19549999999998,2023-05-15,18:58,Cash,229.70999999999998,4.7619047619,11.4855,8.5
INV-00371,A,yangon,Normal,Female,Home and lifestyle,57.24,3,8.586,180.306,2023-02-07,20:28,Ewallet,171.72,4.7619047619,8.586,6.4
INV-00055,B,Mandalay,Member,male,Health and beauty,10.12,1,0.506,10.626,2023-10-10,18:49,Cash,10.12,4.7619047619,0.506,
INV-00810,A,Yangon,Normal,M,Sports and travel,68.93,7,24.1255,506.63550000000004,2023-11-12,15:49,Ewallet,482.51000000000005,4.7619047619,24.1255,5.1
INV-00592,B,Mandalay,Member,F,Home and lifestyle,34.07,5,8.5175,178.8675,2023-05-06,17:13,Ewallet,170.35,4.7619047619,8.5175,7.1
INV-01319,A,Yangon,Normal,Male,,66.27,9,29.8215,626.2515,2023-01-21,14:49,Ewallet,596.43,4.7619047619,29.8215,6.6
INV-00313,A,yangon,Member,F,Food and beverages,12.17,9,5.4765,115.0065,2023-04-08,15:08,Ewallet,109.53,4.7619047619,5.4765,6.7
INV-01332,C,Naypyitaw,Member,female,Sports and travel,96.03,9,43.2135,907.4834999999999,2023-03-09,13:26,Credit card,864.27,4.7619047619,43.2135,4.6
INV-01079,A,Yangon,Normal,Female,Electronic accessories,65.5,4,13.1,275.1,2023-07-26,19:25,Credit card,262.0,4.7619047619,13.1,9.4
INV-00110,A,Yangon,Normal,Male,Electronic accessories,17.35,6,5.205,109.305,2023-06-11,16:55,Cash,104.10000000000001,4.7619047619,5.205,8.4
INV-00600,A,Yangon,Member,,Home and lifestyle,80.66,2,8.066,169.386,2023-04-10,20:57,Ewallet,161.32,4.7619047619,8.066,7.5
INV-01028,C,Naypyitaw,Member,Female,Electronic accessories,22.27,9,10.0215,210.4515,2023-01-21,18:35,Ewallet,200.43,4.7619047619,10.0215,8.0
INV-00101,A,Yangon,Member,male,Home and lifestyle,80.63,4,16.126,338.64599999999996,2023-01-29,15:07,Cash,322.52,4.7619047619,16.126,6.9
INV-01280,B,Mandalay,Member,Male,Fashion accessories,60.57,9,27.2565,572.3865,2023-04-12,12:17,Ewallet,545.13,4.7619047619,27.2565,7.3
INV-00711,C,Naypyitaw,Normal,Female,Health and beauty,88.86,4,17.772,373.212,2023-01-14,16:22,Cash,355.44,4.7619047619,17.772,8.2
INV-01422,B,Mandalay,Member,,Sports and travel,70.94,2,7.094,148.974,2023-12-18,11:01,Credit card,141.88,4.7619047619,7.094,4.9
INV-00267,B,Mandalay,Normal,Male,Fashion accessories,20.48,5,5.12,107.52000000000001,2023-02-20,13:01,Credit card,102.4,4.7619047619,5.12,4.4
INV-01458,B,Mandalay,Member,Male,Food and beverages,49.98,5,12.495,262.395,2023-03-08,19:14,Ewallet,249.89999999999998,4.7619047619,12.495,9.8
INV-00297,C,Naypyitaw,Normal,Female,Food and beverages,82.15,9,36.9675,776.3175,2023-04-20,20:42,Credit card,739.35,4.7619047619,36.9675,5.3
INV-00562,A,Yangon,Normal,Female,Fashion accessories,89.77,6,26.931,565.551,2023-08-09,13:35,Cash,538.62,4.7619047619,26.931,5.3
INV-00462,B,Mandalay,Member,Male,Food and beverages,38.35,10,19.175,402.675,2023-07-31,17:29,Ewallet,383.5,4.7619047619,19.175,5.8
INV-01005,C,Naypyitaw,Normal,Male,Home and lifestyle,18.34,1,0.917,19.257,2023-05-17,16:04,Credit card,18.34,4.7619047619,0.917,
INV-01404,C,Naypyitaw,Member,Male,Health and beauty,57.02,10,28.51,598.71,2023-10-28,16:32,Cash,570.2,4.7619047619,28.51,5.4
INV-01011,A,Yangon,Normal,Female,Food and beverages,53.4,1,2.67,56.07,2023-11-01,10:50,Cash,53.4,4.7619047619,2.67,7.6
INV-00378,A,Yangon,Normal,Male,Home and lifestyle,98.56,2,9.856,206.976,2023-02-05,14:15,Credit card,197.12,4.7619047619,9.856,9.7
INV-00287,B,Mandalay,Normal,Female,Sports and travel,92.42,4,18.484,388.164,2023-01-26,11:07,Credit card,369.68,4.7619047619,18.484,7.8
INV-01487,B,Mandalay,Normal,Female,Home and lifestyle,14.74,3,2.211,46.431,2023-09-15,19:12,Ewallet,44.22,4.7619047619,2.211,9.1
INV-01162,A,Yangon,Normal,F,Food and beverages,97.93,6,29.379,616.9590000000001,2023-06-14,13:48,Cash,587.58,4.7619047619,29.379,
INV-00127,C,Naypyitaw,Normal,Male,Food and beverages,68.04,2,6.804,142.88400000000001,2023-07-24,11:25,Ewallet,136.08,4.7619047619,6.804,4.3
INV-00328,B,Mandalay,Member,,Health and beauty,94.18,2,9.418,197.77800000000002,2023-01-30,18:30,Ewallet,188.36,4.7619047619,9.418,7.8
INV-00293,C,Naypyitaw,Member,Female,Home and lifestyle,98.9,3,14.835,311.535,2023-03-27,16:00,Cash,296.70000000000005,4.7619047619,14.835,8.5
INV-00583,B,Mandalay,Normal,M,Sports and travel,81.56,9,36.702,770.742,2023-02-17,20:34,Credit card,734.04,4.7619047619,36.702,6.2
INV-00808,C,Naypyitaw,Normal,M,Food and beverages,50.25,3,7.5375,158.2875,2023-11-30,13:25,Credit card,150.75,4.7619047619,7.5375,6.8
INV-00523,C, Naypyitaw ,Normal,Female,Electronic accessories,11.31,9,5.0895,106.87950000000001,2023-10-03,17:09,Credit card,101.79,4.7619047619,5.0895,4.4
INV-00356,B,Mandalay,Member,Female,Electronic accessories,34.36,10,17.18,360.78000000000003,2023-05-03,20:50,Ewallet,343.6,4.7619047619,17.18,9.9
INV-01245,C,Naypyitaw,Normal,F,Home and lifestyle,46.15,3,6.9225,145.3725,2023-03-29,11:15,Cash,138.45,4.7619047619,6.9225,
INV-01261,A,Yangon,Member,Male,Home and lifestyle,39.63,2,3.963,83.223,2023-05-11,10:23,Credit card,79.26,4.7619047619,3.963,9.2
INV-00171,B,Mandalay,Member,,Home and lifestyle,48.33,9,21.7485,456.71849999999995,2023-11-24,13:20,Credit card,434.96999999999997,4.7619047619,21.7485,6.5
INV-01489,B, Mandalay ,Normal,Male,Fashion accessories,59.86,10,29.93,628.53,2023-11-11,12:58,Ewallet,598.6,4.7619047619,29.93,4.5
INV-01485,B,Mandalay,Member,Male,Electronic accessories,21.22,7,7.427,155.96699999999998,2023-02-25,18:30,Cash,148.54,4.7619047619,7.427,5.7
INV-00662,C,Naypyitaw,Normal,,Home and lifestyle,87.71,6,26.313,552.573,2023-12-28,13:03,Ewallet,526.26,4.7619047619,26.313,8.9
INV-00778,C,Naypyitaw,Member,female,Home and lifestyle,74.61,7,26.1135,548.3835,2023-02-22,13:54,Credit card,522.27,4.7619047619,26.1135,5.6
INV-01311,A,Yangon,Member,Male,Sports and travel,20.38,1,1.019,21.398999999999997,2023-12-14,14:45,Cash,20.38,4.7619047619,1.019,7.1
INV-00210,A,Yangon,Member,Female,Food and beverages,79.34,3,11.901,249.92100000000002,2023-04-13,20:42,Credit card,238.02,4.7619047619,11.901,6.9
INV-00705,A,Yangon,Member,female,Sports and travel,59.84,3,8.976,188.496,2023-10-01,14:46,Credit card,179.52,4.7619047619,8.976,4.5
INV-00553,B,Mandalay,Member,Female,,13.63,10,6.815,143.115,2023-11-12,10:28,Cash,136.3,4.7619047619,6.815,8.8
INV-00141,C,Naypyitaw,Normal,Female,Health and beauty,83.1,8,33.24,698.04,2023-11-02,12:48,Ewallet,664.8,4.7619047619,33.24,9.1
INV-01115,B,Mandalay,Normal,Male,Health and beauty,87.46,4,17.492,367.332,2023-02-17,12:05,Ewallet,349.84,4.7619047619,17.492,6.9
INV-01036,B, Mandalay ,Member,,Sports and travel,77.5,4,15.5,325.5,2023-12-12,17:06,Credit card,310.0,4.7619047619,15.5,5.9
INV-01226,B, Mandalay ,Normal,Female,Home and lifestyle,74.56,7,26.096,548.0160000000001,2023-08-16,16:49,Ewallet,521.9200000000001,4.7619047619,26.096,8.4
INV-01229,C,Naypyitaw,Normal,male,Food and beverages,36.55,-1,7.31,153.51,2023-06-03,11:33,Cash,146.2,4.7619047619,7.31,5.3
INV-00728,C,Naypyitaw,Normal,Female,Electronic accessories,17.3,9,7.785,163.485,2023-08-04,15:07,Ewallet,155.70000000000002,4.7619047619,7.785,6.1
INV-00706,C,Naypyitaw,Member,M,Health and beauty,56.17,8,22.468,471.82800000000003,2023-01-14,10:25,Ewallet,449.36,4.7619047619,22.468,7.6
INV-00883,A,Yangon,Member,Female,Sports and travel,40.86,5,10.215,214.51500000000001,2023-03-03,16:24,Ewallet,204.3,4.7619047619,10.215,9.4
INV-00947,A,Yangon,Member,Female,Food and beverages,45.62,3,6.843,143.70299999999997,2023-08-02,10:05,Ewallet,136.85999999999999,4.7619047619,6.843,5.3
INV-00536,C,Naypyitaw,Member,Female,Health and beauty,89.73,10,44.865,942.1650000000001,2023-06-03,10:23,Credit card,897.3000000000001,4.7619047619,44.865,9.2
INV-00011,A,Yangon,Normal,Male,Sports and travel,99.08,5,24.77,520.17,2023-02-14,19:33,Ewallet,495.4,4.7619047619,24.77,8.1
INV-00765,A, Yangon ,Member,Female,Health and beauty,49.48,5,12.37,259.77,2023-10-24,14:03,Cash,247.39999999999998,4.7619047619,12.37,8.7
INV-00283,B,Mandalay,Member,Female,Food and beverages,55.22,9,24.849,521.8290000000001,2023-02-08,14:07,Credit card,496.98,4.7619047619,24.849,4.2
INV-00292,A,Yangon,Normal,male,Sports and travel,39.08,10,19.54,410.34,2023-05-02,12:18,Credit card,390.79999999999995,4.7619047619,19.54,9.5
INV-01024,C,naypyitaw,Normal,female,Home and lifestyle,12.23,8,4.892,102.732,2023-09-10,16:06,Cash,97.84,4.7619047619,4.892,4.4
INV-01201,C,Naypyitaw,Normal,Female,Electronic accessories,43.24,9,19.458,408.61800000000005,2023-07-23,14:05,Ewallet,389.16,4.7619047619,19.458,8.1
INV-00130,B,Mandalay,Normal,Male,Home and lifestyle,90.21,10,45.105,947.2049999999999,2023-03-12,15:49,Ewallet,902.0999999999999,4.7619047619,45.105,5.4
INV-00324,A, Yangon ,Normal,female,Health and beauty,33.8,8,13.52,283.91999999999996,2023-09-02,13:56,Ewallet,270.4,4.7619047619,13.52,8.2
INV-00722,A,Yangon,Member,female,Fashion accessories,92.61,3,13.8915,291.7215,2023-04-19,16:28,Cash,277.83,4.7619047619,13.8915,4.0
INV-00527,B,Mandalay,Normal,male,Fashion accessories,87.71,2,8.771,184.19099999999997,2023-07-06,19:20,Cash,175.42,4.7619047619,8.771,8.6
INV-00597,B,Mandalay,Normal,F,Fashion accessories,59.13,8,23.652,496.692,2023-08-01,11:39,Credit card,473.04,4.7619047619,23.652,
INV-01393,A,Yangon,Normal,Male,Home and lifestyle,19.58,10,9.79,205.58999999999997,2023-02-19,13:28,Ewallet,195.79999999999998,4.7619047619,9.79,8.6
INV-01418,A,Yangon,Normal,Female,Health and beauty,83.33,9,37.4985,787.4685000000001,2023-08-16,20:40,Ewallet,749.97,4.7619047619,37.4985,5.9
INV-01049,C,Naypyitaw,Normal,Female,Food and beverages,14.47,4,2.894,60.774,2023-05-23,11:01,Cash,57.88,4.7619047619,2.894,6.7
INV-00755,A, Yangon ,Normal,female,Home and lifestyle,16.18,1,0.809,16.989,2023-12-25,18:18,Ewallet,16.18,4.7619047619,0.809,6.5
INV-00159,A,Yangon,Normal,M,Electronic accessories,38.65,4,7.73,162.32999999999998,2023/05/31,18:04,Credit card,154.6,4.7619047619,7.73,6.8
INV-00611,A,Yangon,Member,Male,Home and lifestyle,15.73,2,1.573,33.033,2023-08-06,17:30,Cash,31.46,4.7619047619,1.573,9.0
INV-01006,B,Mandalay,Normal,Male,Health and beauty,57.9,1,2.895,60.795,2023/03/14,17:38,Cash,57.9,4.7619047619,2.895,6.6
INV-01108,C,Naypyitaw,Normal,Male,Fashion accessories,29.83,1,1.4915,31.321499999999997,2023-12-30,13:52,Cash,29.83,4.7619047619,1.4915,
INV-00196,B,Mandalay,Normal,Male,Electronic accessories,57.09,9,25.6905,539.5005000000001,2023-09-30,12:21,Cash,513.8100000000001,4.7619047619,25.6905,4.3
INV-01491,A,Yangon,Member,Female,Sports and travel,50.96,10,25.48,535.08,2023-12-04,10:09,Ewallet,509.6,4.7619047619,25.48,5.2
INV-00545,B,Mandalay,Member,Female,Home and lifestyle,22.39,8,8.956,188.076,2023-10-11,10:37,Cash,179.12,4.7619047619,8.956,7.2
INV-00411,B,Mandalay,Normal,,Health and beauty,20.11,8,8.044,168.924,2023-09-16,14:25,Cash,160.88,4.7619047619,8.044,9.4
INV-00097,B,Mandalay,Normal,Female,Sports and travel,23.56,5,5.89,123.69,2023-10-13,10:13,Ewallet,117.8,4.7619047619,5.89,4.2
INV-00620,C,Naypyitaw,Member,F,Food and beverages,36.05,1,1.8025,37.8525,2023-03-04,12:26,Credit card,36.05,4.7619047619,1.8025,4.2
INV-00157,B,Mandalay,Normal,Male,,38.8,7,13.58,285.17999999999995,2023-06-24,14:37,Ewallet,271.59999999999997,4.7619047619,13.58,
INV-00420,C,Naypyitaw,Member,M,Health and beauty,96.55,3,14.4825,304.1325,2023-01-02,15:08,Ewallet,289.65,4.7619047619,14.4825,8.8
INV-00679,C,Naypyitaw,Member,Female,Health and beauty,428.0780604770342,1,2.2855,250.51419299338548,2023-07-14,20:52,Cash,45.71,4.7619047619,2.2855,6.7
INV-00478,B,Mandalay,Member,Male,Home and lifestyle,92.08,7,32.228,676.7879999999999,2023-08-24,13:55,Credit card,644.56,4.7619047619,32.228,6.5
INV-00076,C,Naypyitaw,Normal,Male,Sports and travel,66.05,9,29.7225,624.1724999999999,2023-03-25,15:49,Ewallet,594.4499999999999,4.7619047619,29.7225,7.7
INV-01213,A,Yangon,Member,Male,Food and beverages,62.68,2,6.268,131.628,2023-11-13,19:14,Ewallet,125.36,4.7619047619,6.268,7.5
INV-01466,A,Yangon,Normal,Male,Electronic accessories,19.4,8,7.76,162.95999999999998,2023-01-08,13:17,Ewallet,155.2,4.7619047619,7.76,7.3
INV-00448,C,Naypyitaw,Member,F,Home and lifestyle,61.46,5,15.365,322.665,2023-07-03,19:16,Credit card,307.3,4.7619047619,15.365,9.8
INV-00179,C,Naypyitaw,Member,Female,Health and beauty,81.69,10,40.845,857.745,2023-09-29,10:15,Cash,816.9,4.7619047619,40.845,7.8
INV-00391,C,Naypyitaw,Normal,Female,Food and beverages,25.29,7,8.8515,185.8815,2023-12-08,17:05,Ewallet,177.03,4.7619047619,8.8515,5.5
INV-01337,A,Yangon,Normal,Male,Home and lifestyle,21.63,1,1.0815,22.711499999999997,2023-05-20,10:11,Cash,21.63,4.7619047619,1.0815,
INV-00681,C,Naypyitaw,Member,Female,Sports and travel,50.61,9,22.7745,478.2645,2023-01-04,13:43,Ewallet,455.49,4.7619047619,22.7745,8.6
INV-01284,A, Yangon ,Normal,Male,Fashion accessories,81.28,7,28.448,597.408,2023-05-02,12:34,Ewallet,568.96,4.7619047619,28.448,7.4
INV-01415,B,Mandalay,Normal,Female,Home and lifestyle,35.04,10,17.52,367.91999999999996,2023-07-09,13:08,Cash,350.4,4.7619047619,17.52,6.3
INV-00850,B,Mandalay,Member,Male,Sports and travel,31.77,3,4.7655,100.0755,2023-10-12,20:14,Credit card,95.31,4.7619047619,4.7655,7.2
INV-00811,C,Naypyitaw,Normal,Female,Food and beverages,47.01,8,18.804,394.88399999999996,2023-10-03,14:24,Credit card,376.08,4.7619047619,18.804,9.9
INV-00922,B, Mandalay ,Member,Male,Fashion accessories,84.96,2,8.496,178.416,2023-08-29,20:17,Ewallet,169.92,4.7619047619,8.496,8.1
INV-00837,C,Naypyitaw,Member,Female,Electronic accessories,57.8,1,2.89,60.69,2023-06-24,17:29,Ewallet,57.8,4.7619047619,2.89,
INV-00698,B,Mandalay,Member,Female,Health and beauty,33.36,2,3.336,70.056,2023-12-09,18:28,Ewallet,66.72,4.7619047619,3.336,8.0
INV-00695,A,Yangon,Normal,Male,Food and beverages,77.17,1,3.8585,81.02850000000001,2023-01-15,13:45,Credit card,77.17,4.7619047619,3.8585,6.5
INV-00295,A,Yangon,Normal,M,Health and beauty,45.47,2,4.547,95.487,2023-09-06,13:36,Ewallet,90.94,4.7619047619,4.547,8.3
INV-00794,B,Mandalay,Member,Male,Home and lifestyle,85.28,10,42.64,895.4399999999999,2023-06-24,20:38,Ewallet,852.8,4.7619047619,42.64,7.9
INV-00927,A,Yangon,Member,Female,,59.01,3,8.8515,185.8815,2023-01-27,20:37,Cash,177.03,4.7619047619,8.8515,9.5
INV-00089,C,Naypyitaw,Normal,F,Home and lifestyle,24.93,10,12.465,261.765,2023-10-01,15:27,Cash,249.3,4.7619047619,12.465,
INV-00042,B,Mandalay,Normal,F,Health and beauty,81.23,3,12.1845,255.8745,2023-02-17,10:18,Ewallet,243.69,4.7619047619,12.1845,4.6
INV-00990,C,Naypyitaw,Normal,male,Sports and travel,76.59,3,11.4885,241.2585,2023-08-21,11:59,Credit card,229.77,4.7619047619,11.4885,
INV-00612,C,naypyitaw,Member,M,Sports and travel,25.94,9,11.673,245.133,2023-04-23,20:12,Credit card,233.46,4.7619047619,11.673,7.7
INV-01328,C,Naypyitaw,Normal,F,Electronic accessories,71.95,5,17.9875,377.7375,2023-06-17,12:11,Cash,359.75,4.7619047619,17.9875,4.5
INV-01434,B,Mandalay,Member,F,Sports and travel,10.67,7,3.7345,78.4245,2023-12-06,13:58,Cash,74.69,4.7619047619,3.7345,9.6
INV-00985,C,Naypyitaw,Normal,Female,Sports and travel,17.58,5,4.395,92.29499999999999,2023-04-29,20:31,Ewallet,87.89999999999999,4.7619047619,4.395,8.9
INV-01165,A,Yangon,Normal,Female,Food and beverages,53.93,3,8.0895,169.87949999999998,2023/05/03,19:40,Cash,161.79,4.7619047619,8.0895,4.3
INV-00291,A,Yangon,Member,Male,,71.06,7,24.871,522.291,2023-02-17,19:15,Ewallet,497.42,4.7619047619,24.871,
INV-01465,C,Naypyitaw,Normal,,Food and beverages,14.73,1,0.7365,15.4665,2023-03-09,13:42,Ewallet,14.73,4.7619047619,0.7365,7.3
INV-00632,C,Naypyitaw,Member,Male,,29.59,7,10.3565,217.4865,2023-08-07,17:56,Credit card,207.13,4.7619047619,10.3565,9.2
INV-00349,B,Mandalay,Normal,Female,Health and beauty,76.81,5,19.2025,403.2525,2023-10-17,14:19,Cash,384.05,4.7619047619,19.2025,4.7
INV-00572,C,naypyitaw,Normal,Male,Home and lifestyle,43.03,1,2.1515,45.1815,2023-09-19,17:12,Ewallet,43.03,4.7619047619,2.1515,
INV-00603,A,Yangon,Member,,Fashion accessories,18.78,5,4.695,98.595,2023-09-11,10:06,Cash,93.9,4.7619047619,4.695,4.1
INV-01459,A,Yangon,Member,Female,,22.33,8,8.932,187.57199999999997,2023-10-04,10:57,Credit card,178.64,4.7619047619,8.932,7.1
INV-01037,B,Mandalay,Normal,Male,Electronic accessories,82.46,7,28.861,606.0809999999999,2023-10-22,14:26,Ewallet,577.2199999999999,4.7619047619,28.861,8.5
INV-00882,B,Mandalay,Normal,Female,Sports and travel,83.11,6,24.933,523.593,2023-04-29,10:05,Ewallet,498.65999999999997,4.7619047619,24.933,9.5
INV-01151,C,Naypyitaw,Normal,female,Health and beauty,82.77,10,41.385,869.0849999999999,2023-09-08,14:18,Cash,827.6999999999999,4.7619047619,41.385,4.3
INV-00459,A,Yangon,Member,male,Food and beverages,31.94,10,15.97,335.37000000000006,2023-05-02,11:44,Credit card,319.40000000000003,4.7619047619,15.97,6.2
INV-00376,B,Mandalay,Member,female,Health and beauty,50.64,6,15.192,319.03200000000004,2023-03-09,15:25,Cash,303.84000000000003,4.7619047619,15.192,7.8
INV-00334,A,Yangon,Normal,female,,24.82,2,2.482,52.122,2023-02-04,14:07,Credit card,49.64,4.7619047619,2.482,6.7
INV-00989,A, Yangon ,Member,Female,Health and beauty,84.49,9,38.0205,798.4304999999999,2023-12-26,16:23,Credit card,760.41,4.7619047619,38.0205,5.3
INV-01367,C,Naypyitaw,Member,Male,Health and beauty,17.16,1,0.858,18.018,2023-07-10,14:05,Credit card,17.16,4.7619047619,0.858,7.3
INV-01132,B,Mandalay,Member,M,Health and beauty,70.28,9,31.626,664.146,2023-10-10,20:48,Cash,632.52,4.7619047619,31.626,7.5
INV-00753,B,Mandalay,Member,Male,Home and lifestyle,11.64,8,4.656,97.77600000000001,2023-04-22,18:13,Credit card,93.12,4.7619047619,4.656,4.1
INV-01436,A,Yangon,Member,Male,Fashion accessories,22.54,2,2.254,47.333999999999996,2023-11-25,14:28,Ewallet,45.08,4.7619047619,2.254,9.3
INV-00602,A,yangon,Normal,female,Food and beverages,92.06,5,23.015,483.315,2023-07-16,20:14,Credit card,460.3,4.7619047619,23.015,6.6
INV-00329,B, Mandalay ,Normal,Male,Fashion accessories,51.95,9,23.3775,490.9275,2023-09-18,14:02,Credit card,467.55,4.7619047619,23.3775,5.3
INV-00319,A,Yangon,Member,Male,Fashion accessories,91.5,9,41.175,864.675,2023-02-01,12:51,Cash,823.5,4.7619047619,41.175,9.5
INV-01192,B,Mandalay,Member,Male,Sports and travel,34.66,3,5.199,109.17899999999999,2023-07-29,11:40,Credit card,103.97999999999999,4.7619047619,5.199,
INV-01142,B,Mandalay,Normal,Female,Home and lifestyle,50.52,6,15.156,318.276,2023-06-24,16:10,Ewallet,303.12,4.7619047619,15.156,7.9
INV-00013,C,Naypyitaw,Member,Male,Health and beauty,50.01,3,7.5015,157.5315,2023-08-05,18:38,Credit card,150.03,4.7619047619,7.5015,8.1
INV-00172,A,Yangon,Member,Male,Health and beauty,99.52,6,29.856,626.976,2023-09-17,19:30,Ewallet,597.12,4.7619047619,29.856,6.5
INV-00261,B,Mandalay,Normal,Male,Home and lifestyle,65.8,5,16.45,345.45,2023-07-30,15:59,Cash,329.0,4.7619047619,16.45,4.8
INV-00874,B,Mandalay,Normal,female,Fashion accessories,28.19,3,4.2285,88.7985,2023-10-09,16:05,Cash,84.57000000000001,4.7619047619,4.2285,8.6
INV-00916,B,Mandalay,Normal,Male,Health and beauty,59.82,8,23.928,502.488,2023/11/23,13:53,Cash,478.56,4.7619047619,23.928,6.5
INV-00847,A,Yangon,Normal,Female,Food and beverages,84.23,7,29.4805,619.0905,2023-05-04,20:03,Credit card,589.61,4.7619047619,29.4805,4.1
INV-00139,B,Mandalay,Member,,Sports and travel,90.89,7,31.8115,668.0415,2023/12/15,14:12,Ewallet,636.23,4.7619047619,31.8115,
INV-00550,C,Naypyitaw,Normal,Male,,47.46,8,18.984,398.664,2023-07-14,20:15,Credit card,379.68,4.7619047619,18.984,4.6
INV-00651,A,Yangon,Normal,M,,37.38,9,16.821,353.24100000000004,2023/05/20,11:11,Cash,336.42,4.7619047619,16.821,6.8
INV-00901,A,Yangon,Normal,Female,Fashion accessories,62.48,5,15.62,328.02,2023-04-27,12:59,Ewallet,312.4,4.7619047619,15.62,6.8
INV-01349,C,Naypyitaw,Normal,female,Fashion accessories,11.23,1,0.5615,11.791500000000001,2023-12-12,19:15,Ewallet,11.23,4.7619047619,0.5615,9.0
INV-00559,C,naypyitaw,Normal,M,,17.54,10,8.77,184.17,2023-06-05,17:55,Cash,175.39999999999998,4.7619047619,8.77,6.5
INV-00140,C,Naypyitaw,Member,female,Health and beauty,59.78,9,26.901,564.9209999999999,2023-08-05,12:38,Ewallet,538.02,4.7619047619,26.901,6.7
INV-01353,B,Mandalay,Member,Female,Home and lifestyle,12.92,2,1.292,27.132,2023-02-16,18:48,Ewallet,25.84,4.7619047619,1.292,9.1
INV-00950,B,Mandalay,Member,Male,Sports and travel,36.97,2,3.697,77.637,2023-11-13,19:50,Cash,73.94,4.7619047619,3.697,5.7
INV-00225,A,Yangon,Normal,,Home and lifestyle,59.54,10,29.77,625.17,2023-10-29,19:24,Credit card,595.4,4.7619047619,29.77,7.0
INV-01351,C,Naypyitaw,Normal,,Sports and travel,12.6,6,3.78,79.38,2023-10-13,19:31,Ewallet,75.6,4.7619047619,3.78,8.3
INV-00410,A,Yangon,Member,M,Home and lifestyle,62.89,4,12.578,264.138,2023-05-16,11:04,Cash,251.56,4.7619047619,12.578,7.2
INV-00326,C,Naypyitaw,Normal,female,Home and lifestyle,16.13,4,3.226,67.746,2023-09-29,14:32,Cash,64.52,4.7619047619,3.226,9.0
INV-00300,A,Yangon,Member,Male,,99.61,2,9.961,209.181,2023-03-26,18:34,Credit card,199.22,4.7619047619,9.961,6.6
INV-00942,B,Mandalay,Normal,female,Food and beverages,53.62,5,13.405,281.50499999999994,2023/06/05,12:05,Ewallet,268.09999999999997,4.7619047619,13.405,5.7
INV-00783,A,Yangon,Normal,Male,Sports and travel,13.85,5,3.4625,72.7125,2023-03-03,16:26,Cash,69.25,4.7619047619,3.4625,7.1
INV-00712,B,Mandalay,Member,Male,Food and beverages,75.05,10,37.525,788.025,2023-02-12,11:34,Cash,750.5,4.7619047619,37.525,
INV-01437,B,Mandalay,Member,Male,Home and lifestyle,87.96,4,17.592,369.43199999999996,2023-11-24,12:02,Ewallet,351.84,4.7619047619,17.592,
INV-01007,B,Mandalay,Normal,male,Health and beauty,83.95,4,16.79,352.59000000000003,2023-02-06,17:37,Credit card,335.8,4.7619047619,16.79,7.9
INV-01266,A, Yangon ,Member,Female,Sports and travel,73.51,5,18.3775,385.9275,2023-12-13,20:11,Ewallet,367.55,4.7619047619,18.3775,5.6
INV-00574,B,Mandalay,Member,Male,Fashion accessories,28.59,10,14.295,300.195,2023-03-28,18:19,Ewallet,285.9,4.7619047619,14.295,7.7
INV-00504,C,Naypyitaw,Member,Male,Sports and travel,82.76,3,12.414,260.694,2023-01-20,18:12,Ewallet,248.28000000000003,4.7619047619,12.414,7.1
INV-00606,B,Mandalay,Member,Male,Home and lifestyle,14.84,4,2.968,62.328,2023-03-17,20:49,Cash,59.36,4.7619047619,2.968,9.8
INV-00809,B,Mandalay,Member,male,Food and beverages,84.68,5,21.17,444.57000000000005,2023-05-19,13:35,Ewallet,423.40000000000003,4.7619047619,21.17,9.6
INV-00004,B,Mandalay,Normal,,Fashion accessories,59.1,6,17.73,372.33000000000004,2023-05-21,11:20,Credit card,354.6,4.7619047619,17.73,5.8
INV-00793,B,Mandalay,Member,F,Sports and travel,20.4,7,7.14,149.93999999999997,2023-11-28,14:24,Credit card,142.79999999999998,4.7619047619,7.14,7.9
INV-00468,C,Naypyitaw,Normal,Male,Electronic accessories,87.89629530231244,6,4.17,765.9510496346238,2023-05-08,12:48,Credit card,83.4,4.7619047619,4.17,4.6
INV-00322,C,Naypyitaw,Normal,Male,Food and beverages,49.7,9,22.365,469.665,2023-01-26,14:12,Cash,447.3,4.7619047619,22.365,8.5
INV-00006,A,Yangon,Member,Male,Electronic accessories,14.08,5,3.52,73.92,2023-04-25,11:08,Cash,70.4,4.7619047619,3.52,4.4
INV-00223,A,Yangon,Normal,Female,Food and beverages,37.65,7,13.1775,276.7275,2023-06-23,20:21,Cash,263.55,4.7619047619,13.1775,
INV-00548,B,Mandalay,Normal,Female,Electronic accessories,12.22,6,3.666,76.986,2023-08-04,19:49,Cash,73.32000000000001,4.7619047619,3.666,8.8
INV-00859,B,Mandalay,Normal,Female,Fashion accessories,74.14,2,7.414,155.694,2023-02-17,17:01,Cash,148.28,4.7619047619,7.414,8.0
INV-00040,B,Mandalay,Member,Female,Fashion accessories,68.69,5,17.1725,360.6225,2023-06-22,20:48,Cash,343.45,4.7619047619,17.1725,
INV-00543,A,Yangon,Member,Female,Electronic accessories,38.78,3,5.817,122.15700000000001,2023-12-23,19:36,Cash,116.34,4.7619047619,5.817,
INV-00243,C,Naypyitaw,Normal,female,Fashion accessories,65.26,4,13.052,274.09200000000004,2023-12-09,16:32,Credit card,261.04,4.7619047619,13.052,9.2
INV-00137,B,Mandalay,Normal,Female,Health and beauty,90.5,6,27.15,570.15,2023-11-18,12:15,Cash,543.0,4.7619047619,27.15,
INV-01227,B,Mandalay,Member,Male,Food and beverages,49.92,1,2.496,52.416000000000004,2023-03-27,12:41,Ewallet,49.92,4.7619047619,2.496,8.7
INV-01264,B,mandalay,Member,F,Home and lifestyle,32.93,2,3.293,69.153,2023-08-27,19:26,Cash,65.86,4.7619047619,3.293,5.5
INV-01274,A,Yangon,Normal,Male,Sports and travel,11.75,2,1.175,24.675,2023-11-24,14:40,Cash,23.5,4.7619047619,1.175,7.7
INV-01054,C,Naypyitaw,Member,M,Sports and travel,40.35,7,14.1225,296.5725,2023-09-09,12:35,Credit card,282.45,4.7619047619,14.1225,
INV-01102,C,Naypyitaw,Normal,M,Electronic accessories,20.2,2,2.02,42.42,2023/09/06,14:08,Ewallet,40.4,4.7619047619,2.02,7.0
INV-00799,B, Mandalay ,Member,M,Home and lifestyle,64.53,5,16.1325,338.78249999999997,2023-08-10,13:30,Ewallet,322.65,4.7619047619,16.1325,9.6
INV-01477,C,Naypyitaw,Member,M,Fashion accessories,25.67,1,1.2835,26.953500000000002,2023-09-27,19:09,Ewallet,25.67,4.7619047619,1.2835,
INV-00582,C,Naypyitaw,Member,,Sports and travel,84.27,5,21.0675,442.41749999999996,2023-06-21,11:36,Cash,421.34999999999997,4.7619047619,21.0675,7.9
INV-00809,B,Mandalay,Member,Male,Food and beverages,84.68,5,21.17,444.57000000000005,2023-05-19,13:35,Ewallet,423.40000000000003,4.7619047619,21.17,9.6
INV-01173,B,Mandalay,Normal,M,Home and lifestyle,99.78,6,29.934,628.614,2023-12-28,15:29,Ewallet,598.6800000000001,4.7619047619,29.934,
INV-01435,A,Yangon,Normal,Male,Food and beverages,55.82,2,5.582,117.222,2023-04-19,12:17,Credit card,111.64,4.7619047619,5.582,9.2
INV-00377,C,Naypyitaw,Normal,Female,Home and lifestyle,94.32,9,42.444,891.3239999999998,2023-06-28,15:41,Credit card,848.8799999999999,4.7619047619,42.444,5.5
INV-00315,C,Naypyitaw,Member,female,Fashion accessories,21.44,1,1.072,22.512,2023-04-22,18:21,Credit card,21.44,4.7619047619,1.072,
INV-00443,B,Mandalay,Member,Female,Food and beverages,66.95,10,33.475,702.975,2023-03-07,19:46,Credit card,669.5,4.7619047619,33.475,9.6
INV-00320,A,Yangon,Normal,Male,Health and beauty,85.18,9,38.331,804.9510000000001,2023-06-10,12:04,Ewallet,766.6200000000001,4.7619047619,38.331,7.4
INV-01062,C,Naypyitaw,Member,Female,Home and lifestyle,86.11,7,30.1385,632.9085,2023-02-23,10:47,Credit card,602.77,4.7619047619,30.1385,4.9
INV-00843,A,Yangon,Member,Male,Home and lifestyle,60.57,2,6.057,127.197,2023-01-06,18:41,Cash,121.14,4.7619047619,6.057,8.7
INV-01169,A,Yangon,Member,Female,Health and beauty,66.57,2,6.657,139.797,2023-07-30,20:50,Cash,133.14,4.7619047619,6.657,
INV-00425,A,Yangon,Member,,Food and beverages,65.1,5,16.275,341.775,2023-03-24,10:53,Cash,325.5,4.7619047619,16.275,8.6
INV-00554,B,Mandalay,Normal,F,Fashion accessories,360.2119291094686,9,25.245,7613.271866450473,2023-10-19,15:26,Ewallet,504.90000000000003,4.7619047619,25.245,7.8
INV-00595,C, Naypyitaw ,Member,Female,Fashion accessories,64.0,9,28.8,604.8,2023/02/07,18:44,Credit card,576.0,4.7619047619,28.8,4.2
INV-00953,A,Yangon,Normal,male,Electronic accessories,65.65,6,19.695,413.595,2023-07-14,14:26,Cash,393.90000000000003,4.7619047619,19.695,6.7
INV-01090,A,Yangon,Normal,,Home and lifestyle,60.82,6,18.246,383.166,2023-11-15,14:07,Ewallet,364.92,4.7619047619,18.246,9.7
INV-00818,B,Mandalay,Normal,Male,Electronic accessories,95.57,5,23.8925,501.74249999999995,2023-05-06,17:48,Cash,477.84999999999997,4.7619047619,23.8925,5.7
INV-01259,A,Yangon,Member,Male,Health and beauty,10.64,7,3.724,78.20400000000001,2023-05-11,20:38,Cash,74.48,4.7619047619,3.724,
INV-01363,B, Mandalay ,Member,Male,Electronic accessories,26.69,1,1.3345,28.0245,2023-05-15,13:33,Cash,26.69,4.7619047619,1.3345,7.4
INV-00228,B, Mandalay ,Normal,Male,Sports and travel,62.18,7,21.763,457.02299999999997,2023-10-29,19:51,Ewallet,435.26,4.7619047619,21.763,7.2
INV-00756,C,Naypyitaw,Member,Male,Home and lifestyle,99.27,8,39.708,833.8679999999999,2023-05-12,13:52,Credit card,794.16,4.7619047619,39.708,5.6
INV-01318,C,Naypyitaw,Normal,Male,Fashion accessories,81.48,6,24.444,513.324,2023-11-27,15:10,Credit card,488.88,4.7619047619,24.444,8.3
INV-01032,B, Mandalay ,Member,Female,Health and beauty,79.7,1,3.985,83.685,2023-05-09,16:29,Ewallet,79.7,4.7619047619,3.985,7.2
INV-01344,C,Naypyitaw,Member,Female,Home and lifestyle,18.15,8,7.26,152.45999999999998,2023-08-28,11:35,Ewallet,145.2,4.7619047619,7.26,10.0
INV-00067,A,Yangon,Member,female,Health and beauty,20.98,9,9.441,198.261,2023-05-29,20:25,Cash,188.82,4.7619047619,9.441,8.1
INV-00394,C,Naypyitaw,Normal,Male,Food and beverages,78.94,10,39.47,828.87,2023-12-06,15:45,Ewallet,789.4,4.7619047619,39.47,6.2
INV-00580,A,Yangon,Member,Female,Electronic accessories,92.94,6,27.882,585.5219999999999,2023-11-21,18:59,Credit card,557.64,4.7619047619,27.882,8.9
INV-00025,B,mandalay,Member,,Health and beauty,65.69,5,16.4225,344.8725,2023-12-26,16:20,Cash,328.45,4.7619047619,16.4225,9.0
INV-00212,B, Mandalay ,Normal,Male,Home and lifestyle,94.74,9,42.633,895.293,2023-07-24,15:01,Ewallet,852.66,4.7619047619,42.633,8.2
INV-01198,C,Naypyitaw,Member,Male,Health and beauty,93.19,10,46.595,978.495,2023-06-23,12:56,Ewallet,931.9,4.7619047619,46.595,4.2
INV-01147,C,Naypyitaw,Member,Female,Fashion accessories,95.69,9,43.0605,904.2705000000001,2023-06-02,15:34,Cash,861.21,4.7619047619,43.0605,6.5
INV-00537,C,Naypyitaw,Member,Male,Food and beverages,83.45,3,12.5175,262.8675,2023-09-17,15:43,Credit card,250.35000000000002,4.7619047619,12.5175,
INV-00760,C,naypyitaw,Member,Female,Home and lifestyle,26.64,6,7.992,167.832,2023-11-07,15:15,Credit card,159.84,4.7619047619,7.992,5.1
INV-00702,A,Yangon,Normal,Male,Fashion accessories,53.08,1,2.654,55.733999999999995,2023-08-28,19:03,Cash,53.08,4.7619047619,2.654,9.9
INV-00086,B,Mandalay,Member,Male,Fashion accessories,45.81,6,13.743,288.603,2023-11-08,17:26,Ewallet,274.86,4.7619047619,13.743,7.0
INV-01396,C,Naypyitaw,Member,Male,Food and beverages,77.26,8,30.904,648.984,2023-03-11,11:05,Ewallet,618.08,4.7619047619,30.904,6.0
INV-00273,C,Naypyitaw,Normal,Female,Fashion accessories,23.35,2,2.335,49.035000000000004,2023-04-09,17:44,Cash,46.7,4.7619047619,2.335,9.0
INV-00686,B,Mandalay,Normal,Female,Home and lifestyle,83.59,1,4.1795,87.76950000000001,2023-10-03,19:07,Credit card,83.59,4.7619047619,4.1795,4.9
INV-00701,B,Mandalay,Member,Female,Electronic accessories,61.37,6,18.411,386.631,2023-03-26,16:29,Cash,368.21999999999997,4.7619047619,18.411,6.9
INV-01142,B,Mandalay,Normal,Female,Home and lifestyle,50.52,6,15.156,318.276,2023-06-24,16:10,Ewallet,303.12,4.7619047619,15.156,7.9
INV-00631,C,Naypyitaw,Normal,Male,Home and lifestyle,96.35,6,28.905,607.0049999999999,2023-09-16,18:33,Ewallet,578.0999999999999,4.7619047619,28.905,
INV-01064,B,Mandalay,Member,Male,Health and beauty,32.98,10,16.49,346.28999999999996,2023-06-18,13:28,Credit card,329.79999999999995,4.7619047619,16.49,4.7
INV-01446,A,Yangon,Member,female,Sports and travel,18.23,6,5.469,114.84899999999999,2023-02-05,13:41,Ewallet,109.38,4.7619047619,5.469,5.5
INV-00506,A,Yangon,Normal,Male,Home and lifestyle,36.62,2,3.662,76.902,2023-11-02,14:04,Cash,73.24,4.7619047619,3.662,9.2
INV-00274,C,Naypyitaw,Member,Male,Food and beverages,25.49,5,6.3725,133.8225,2023-04-08,12:48,Cash,127.44999999999999,4.7619047619,6.3725,4.9
INV-00766,B,Mandalay,Member,Male,Food and beverages,97.97,10,48.985,1028.685,2023-01-14,18:37,Cash,979.7,4.7619047619,48.985,8.0
INV-00363,B,Mandalay,Normal,female,Sports and travel,99.51,9,44.7795,940.3695,2023-08-23,19:43,Cash,895.59,4.7619047619,44.7795,4.2
INV-00623,B,Mandalay,Normal,Female,Food and beverages,98.79,5,24.6975,518.6475,2023-08-26,16:50,Credit card,493.95000000000005,4.7619047619,24.6975,6.0
INV-00003,C,Naypyitaw,Normal,,Food and beverages,22.7,1,1.135,23.835,2023-01-13,17:04,Credit card,22.7,4.7619047619,1.135,5.9
INV-00007,A,Yangon,Normal,Male,Home and lifestyle,69.07,7,24.1745,507.6645,2023-03-13,14:39,Cash,483.48999999999995,4.7619047619,24.1745,9.3
INV-00312,A,Yangon,Member,Female,Food and beverages,64.93,10,32.465,681.7650000000001,2023-03-21,19:47,Credit card,649.3000000000001,4.7619047619,32.465,5.3
INV-01471,B,mandalay,Normal,Male,Food and beverages,48.81,8,19.524,410.004,2023-01-09,12:11,Credit card,390.48,4.7619047619,19.524,4.8
INV-00666,A,Yangon,Normal,F,Home and lifestyle,99.59,2,9.959,209.139,2023-07-28,20:32,Credit card,199.18,4.7619047619,9.959,9.0
INV-00999,C,Naypyitaw,Normal,Female,Health and beauty,93.57,6,28.071,589.491,2023-08-06,16:43,Credit card,561.42,4.7619047619,28.071,7.6
INV-01244,C,Naypyitaw,Member,female,Fashion accessories,38.02,9,17.109,359.289,2023-04-03,14:41,Credit card,342.18,4.7619047619,17.109,4.7
INV-00216,A,Yangon,Normal,Male,Home and lifestyle,97.77,3,14.6655,307.9755,2023-08-13,17:12,Ewallet,293.31,4.7619047619,14.6655,7.5
INV-00725,B,Mandalay,Member,Male,Fashion accessories,77.52,2,7.752,162.792,2023-06-22,20:55,Cash,155.04,4.7619047619,7.752,6.3
INV-00028,B,Mandalay,Member,Female,Food and beverages,68.04,7,23.814,500.09400000000005,2023/04/23,20:59,Ewallet,476.28000000000003,4.7619047619,23.814,5.4
INV-01114,B,Mandalay,Normal,Female,Food and beverages,57.95,2,5.795,121.69500000000001,2023-07-28,17:31,Credit card,115.9,4.7619047619,5.795,4.8
INV-00923,C,Naypyitaw,Normal,Female,Sports and travel,98.72,10,49.36,1036.56,2023-09-03,17:31,Cash,987.2,4.7619047619,49.36,5.5
INV-01041,B,Mandalay,Normal,Male,Sports and travel,44.91,8,17.964,377.24399999999997,2023-05-18,17:50,Ewallet,359.28,4.7619047619,17.964,8.3
INV-00639,A,Yangon,Normal,Female,Fashion accessories,62.0,8,24.8,520.8,2023-05-07,14:45,Cash,496.0,4.7619047619,24.8,6.6
INV-00797,C,Naypyitaw,Member,Male,Health and beauty,82.27,2,8.227,172.767,2023-09-08,19:46,Ewallet,164.54,4.7619047619,8.227,
INV-00692,B,Mandalay,Normal,Female,Home and lifestyle,14.15,8,5.66,118.86,2023-05-20,15:54,Credit card,113.2,4.7619047619,5.66,5.0
INV-01304,B, Mandalay ,Normal,Male,Electronic accessories,83.85,5,20.9625,440.2125,2023-11-07,14:10,Ewallet,419.25,4.7619047619,20.9625,8.9
INV-00625,B,Mandalay,Normal,Female,Health and beauty,17.38,9,7.821,164.24099999999999,2023-09-29,14:56,Cash,156.42,4.7619047619,7.821,7.1
INV-00905,B,Mandalay,Member,Male,Home and lifestyle,54.93,10,27.465,576.765,2023-01-08,16:59,Ewallet,549.3,4.7619047619,27.465,8.0
INV-00257,C,Naypyitaw,Normal,Female,Food and beverages,36.76,6,11.028,231.588,2023-12-04,18:09,Credit card,220.56,4.7619047619,11.028,7.8
INV-00026,C,Naypyitaw,Member,,Sports and travel,69.88,7,24.458,513.6179999999999,2023-10-07,20:16,Credit card,489.15999999999997,4.7619047619,24.458,
INV-00337,C,Naypyitaw,Normal,Female,Health and beauty,53.05,10,26.525,557.025,2023-07-26,17:57,Credit card,530.5,4.7619047619,26.525,9.1
INV-00573,B,Mandalay,Normal,Male,Sports and travel,23.25,8,9.3,195.3,2023-08-31,13:17,Credit card,186.0,4.7619047619,9.3,9.9
INV-00048,B, Mandalay ,Normal,Female,Fashion accessories,96.74,4,19.348,406.308,2023-05-16,13:54,Credit card,386.96,4.7619047619,19.348,4.0
INV-00107,B,Mandalay,Normal,,Home and lifestyle,62.31,6,18.693,392.553,2023-02-03,18:53,Cash,373.86,4.7619047619,18.693,5.3
INV-00350,B,Mandalay,Member,Female,Fashion accessories,31.97,8,12.788,268.548,2023-09-25,17:38,Ewallet,255.76,4.7619047619,12.788,8.8
INV-00056,C,Naypyitaw,Member,Female,Electronic accessories,44.03,5,11.0075,231.1575,2023-05-31,19:39,Ewallet,220.15,4.7619047619,11.0075,7.6
INV-00862,B,Mandalay,Normal,Male,Health and beauty,52.53,6,15.759,330.939,2023-07-27,10:01,Cash,315.18,4.7619047619,15.759,8.8
INV-00214,A,Yangon,Normal,Male,Fashion accessories,566.5772189288546,1,3.7955,867.7721827447049,2023-11-29,12:13,Ewallet,75.91,4.7619047619,3.7955,5.5
INV-00121,C,Naypyitaw,Normal,,Sports and travel,83.21,6,24.963,524.223,2023-10-15,19:29,Cash,499.26,4.7619047619,24.963,4.6
INV-00926,A,Yangon,Normal,Male,Electronic accessories,40.53,9,18.2385,383.00849999999997,2023-04-05,16:11,Ewallet,364.77,4.7619047619,18.2385,6.5
INV-01427,A,Yangon,Member,Female,Electronic accessories,32.86,8,13.144,276.024,2023-02-01,10:29,Credit card,262.88,4.7619047619,13.144,7.2
INV-00073,A,Yangon,Member,Male,Health and beauty,47.02,2,4.702,98.742,2023-08-21,17:21,Credit card,94.04,4.7619047619,4.702,9.3
INV-00941,A,Yangon,Member,Male,Home and lifestyle,63.68,3,9.552,200.59199999999998,2023-10-16,14:06,Cash,191.04,4.7619047619,9.552,7.6
INV-00788,B,Mandalay,Member,M,Electronic accessories,639.8118155250733,4,15.282,4403.933004517365,2023-08-08,20:05,Ewallet,305.64,4.7619047619,15.282,6.7
INV-00046,B,Mandalay,Member,Male,Fashion accessories,35.9,3,5.385,113.085,2023-06-26,13:09,Credit card,107.69999999999999,4.7619047619,5.385,7.2
INV-01374,B,Mandalay,Member,,Health and beauty,69.4,2,6.94,145.74,2023-10-15,12:40,Credit card,138.8,4.7619047619,6.94,5.3
INV-00524,C,Naypyitaw,Normal,Male,Food and beverages,42.43,4,8.486,178.206,2023-12-18,19:57,Ewallet,169.72,4.7619047619,8.486,
INV-00925,B,Mandalay,Normal,Female,Food and beverages,64.12,10,32.06,673.26,2023-06-24,18:24,Credit card,641.2,4.7619047619,32.06,9.3
INV-00840,B,Mandalay,Normal,Female,Food and beverages,72.69,6,21.807,457.947,2023-12-26,12:46,Ewallet,436.14,4.7619047619,21.807,7.2
INV-01448,C,Naypyitaw,Member,Female,Food and beverages,11.13,5,2.7825,58.432500000000005,2023-04-17,20:51,Cash,55.650000000000006,4.7619047619,2.7825,7.1
INV-00845,A,Yangon,Normal,female,Health and beauty,93.37,7,32.6795,686.2695,2023/04/08,10:53,Credit card,653.59,4.7619047619,32.6795,7.8
INV-00534,B,Mandalay,Normal,female,Fashion accessories,69.63,4,13.926,292.44599999999997,2023-12-06,19:19,Ewallet,278.52,4.7619047619,13.926,5.8
INV-01174,A,Yangon,Member,Male,Sports and travel,12.92,2,1.292,27.132,2023-07-15,17:20,Credit card,25.84,4.7619047619,1.292,7.4
INV-00604,A,Yangon,Normal,Female,Electronic accessories,86.8,10,43.4,911.4,2023-07-24,16:21,Credit card,868.0,4.7619047619,43.4,
INV-00466,B,Mandalay,Normal,Female,Food and beverages,32.91,2,3.291,69.11099999999999,2023-07-30,15:46,Ewallet,65.82,4.7619047619,3.291,7.2
INV-00894,B,Mandalay,Member,,Home and lifestyle,37.13,9,16.7085,350.87850000000003,2023-10-29,13:57,Credit card,334.17,4.7619047619,16.7085,6.1
INV-01321,A,Yangon,Member,Male,Fashion accessories,71.17,7,24.9095,523.0995,2023-08-14,19:43,Ewallet,498.19,4.7619047619,24.9095,6.0
INV-01424,A,Yangon,Normal,Female,Food and beverages,16.2,3,2.43,51.029999999999994,2023-10-06,20:28,Cash,48.599999999999994,4.7619047619,2.43,5.3
INV-01008,C, Naypyitaw ,Normal,Male,Electronic accessories,19.12,6,5.736,120.456,2023-01-31,16:34,Ewallet,114.72,4.7619047619,5.736,5.6
INV-00061,B,Mandalay,Normal,Male,Electronic accessories,39.14,2,3.914,82.194,2023-04-09,14:01,Credit card,78.28,4.7619047619,3.914,7.6
INV-00943,B,Mandalay,Normal,Male,Fashion accessories,12.42,1,0.621,13.041,2023-02-13,12:27,Ewallet,12.42,4.7619047619,0.621,9.2
INV-00093,C,Naypyitaw,Member,female,Sports and travel,85.58,10,42.79,898.5899999999999,2023-07-14,18:42,Ewallet,855.8,4.7619047619,42.79,8.8
INV-00667,A,Yangon,Member,,Fashion accessories,92.04,1,4.602,96.64200000000001,2023-06-19,14:44,Ewallet,92.04,4.7619047619,4.602,4.3
INV-00775,C,naypyitaw,Member,F,,70.66,5,17.665,370.965,2023-12-20,12:19,Credit card,353.29999999999995,4.7619047619,17.665,6.0
INV-00195,B,Mandalay,Normal,Female,Food and beverages,93.93,4,18.786,394.50600000000003,2023-02-05,19:55,Cash,375.72,4.7619047619,18.786,4.3
INV-00281,C,Naypyitaw,Normal,Male,Electronic accessories,38.72,1,1.936,40.656,2023-08-25,16:07,Cash,38.72,4.7619047619,1.936,4.2
INV-00696,B,Mandalay,Member,Male,,38.04,7,13.314,279.594,2023-07-19,19:31,Cash,266.28,4.7619047619,13.314,7.1
INV-00360,B, Mandalay ,Member,Female,Electronic accessories,12.32,3,1.848,38.808,2023-12-10,18:51,Cash,36.96,4.7619047619,1.848,6.7
INV-00520,A,Yangon,Member,F,Food and beverages,79.54,4,15.908,334.06800000000004,2023-08-12,10:08,Cash,318.16,4.7619047619,15.908,8.0
INV-00866,B, Mandalay ,Normal,Male,Home and lifestyle,27.94,9,12.573,264.033,2023-12-06,18:52,Credit card,251.46,4.7619047619,12.573,9.5
INV-01244,C, Naypyitaw ,Member,Female,Fashion accessories,38.02,9,17.109,359.289,2023-04-03,14:41,Credit card,342.18,4.7619047619,17.109,4.7
INV-00183,C,Naypyitaw,Member,Male,Sports and travel,57.12,2,5.712,119.952,2023-09-08,15:23,Cash,114.24,4.7619047619,5.712,6.1
INV-01059,B,Mandalay,Member,Female,Sports and travel,80.47,7,28.1645,591.4544999999999,2023-06-20,12:11,Cash,563.29,4.7619047619,28.1645,4.3
INV-00111,A,Yangon,Member,M,Health and beauty,93.19,9,41.9355,880.6455000000001,2023-04-19,10:27,Credit card,838.71,4.7619047619,41.9355,4.0
INV-01389,C,Naypyitaw,Member,Male,Home and lifestyle,25.57,6,7.671,161.091,2023-01-20,12:28,Cash,153.42000000000002,4.7619047619,7.671,7.1
INV-00043,A, Yangon ,Member,female,Food and beverages,64.22,9,28.899,606.879,2023-07-14,19:19,Ewallet,577.98,4.7619047619,28.899,6.5
INV-00747,B,Mandalay,Normal,M,Fashion accessories,34.04,10,17.02,357.41999999999996,2023-05-03,11:38,Cash,340.4,4.7619047619,17.02,7.5
INV-00975,A, Yangon ,Normal,Female,Sports and travel,26.06,8,10.424,218.904,2023-02-08,19:24,Credit card,208.48,4.7619047619,10.424,9.3
INV-00205,B,Mandalay,Member,M,Electronic accessories,90.43,3,13.5645,284.85450000000003,2023-11-07,20:50,Ewallet,271.29,4.7619047619,13.5645,6.4
INV-00875,A, Yangon ,Normal,Female,Home and lifestyle,59.09,4,11.818,248.17800000000003,2023-06-19,15:25,Credit card,236.36,4.7619047619,11.818,9.0
INV-00053,C,Naypyitaw,Normal,male,Electronic accessories,78.92,6,23.676,497.19599999999997,2023-07-13,13:51,Ewallet,473.52,4.7619047619,23.676,5.3
INV-00546,B,Mandalay,Member,Male,Health and beauty,10.08,7,3.528,74.08800000000001,2023-03-07,17:10,Ewallet,70.56,4.7619047619,3.528,5.2
INV-00069,A,Yangon,Normal,Female,Electronic accessories,20.21,4,4.042,84.882,2023-04-30,20:01,Cash,80.84,4.7619047619,4.042,6.6
INV-01069,B, Mandalay ,Normal,Male,Electronic accessories,609.2266068935197,7,28.4445,3275.4174515776904,2023-12-06,11:36,Ewallet,568.89,4.7619047619,28.4445,5.0
INV-01218,B,Mandalay,Member,Male,Food and beverages,55.72,8,22.288,468.048,2023-05-28,11:55,Credit card,445.76,4.7619047619,22.288,8.7
INV-00819,A,Yangon,Member,Male,Home and lifestyle,28.89,4,5.778,121.33800000000001,2023-02-14,15:58,Credit card,115.56,4.7619047619,5.778,9.8
INV-00184,C,Naypyitaw,Normal,Female,Food and beverages,35.4,6,10.62,223.01999999999998,2023-01-10,14:24,Credit card,212.39999999999998,4.7619047619,10.62,6.1
INV-00138,C,Naypyitaw,Normal,male,Food and beverages,84.12,7,29.442,618.282,2023-03-23,11:09,Cash,588.84,4.7619047619,29.442,6.5
INV-00133,A,Yangon,Normal,Female,Fashion accessories,59.89,4,11.978,251.538,2023-02-16,11:33,Ewallet,239.56,4.7619047619,11.978,9.6
INV-00081,C,naypyitaw,Member,Male,Health and beauty,70.56,2,7.056,148.17600000000002,2023-05-17,19:03,Credit card,141.12,4.7619047619,7.056,7.7
INV-01254,A, Yangon ,Normal,Female,Sports and travel,28.13,8,11.252,236.292,2023-10-26,16:18,Cash,225.04,4.7619047619,11.252,
INV-00106,A,Yangon,Member,Female,Fashion accessories,65.3,6,19.59,411.38999999999993,2023-05-18,13:32,Credit card,391.79999999999995,4.7619047619,19.59,7.3
INV-01202,A,Yangon,Normal,Male,Food and beverages,69.74,2,6.974,146.45399999999998,2023-11-29,20:23,Ewallet,139.48,4.7619047619,6.974,
INV-00542,B,Mandalay,Normal,,Sports and travel,67.46,1,3.373,70.833,2023-07-26,14:41,Ewallet,67.46,4.7619047619,3.373,6.2
INV-00910,B,Mandalay,Member,Male,Health and beauty,72.23,5,18.0575,379.20750000000004,2023-01-24,18:21,Credit card,361.15000000000003,4.7619047619,18.0575,8.4
INV-00481,B,Mandalay,Normal,Female,Home and lifestyle,26.45,6,7.935,166.635,2023-04-27,19:46,Credit card,158.7,4.7619047619,7.935,6.2
INV-00166,C,Naypyitaw,Member,Female,Food and beverages,70.0,1,3.5,73.5,2023-04-02,19:32,Credit card,70.0,4.7619047619,3.5,5.8
INV-00249,C,Naypyitaw,Member,Male,Food and beverages,75.74,9,34.083,715.7429999999999,2023-10-23,20:30,Cash,681.66,4.7619047619,34.083,6.0
INV-00308,B,Mandalay,Member,male,Electronic accessories,11.16,10,5.58,117.17999999999999,2023-12-23,11:22,Cash,111.6,4.7619047619,5.58,5.6
INV-00447,C,Naypyitaw,Member,M,Electronic accessories,75.72,5,18.93,397.53000000000003,2023-01-21,10:41,Cash,378.6,4.7619047619,18.93,7.7
INV-01206,C,Naypyitaw,Normal,Female,Home and lifestyle,61.95,8,24.78,520.38,2023-10-01,10:25,Ewallet,495.6,4.7619047619,24.78,5.6
INV-00335,A,Yangon,Member,Male,Sports and travel,47.36,10,23.68,497.28000000000003,2023-12-12,15:27,Credit card,473.6,4.7619047619,23.68,9.4
INV-00098,B,Mandalay,Member,Male,Sports and travel,86.64,1,4.332,90.972,2023-04-23,14:13,Credit card,86.64,4.7619047619,4.332,9.3
INV-00807,C,naypyitaw,Normal,Female,Sports and travel,27.48,3,4.122,86.562,2023-09-25,19:45,Cash,82.44,4.7619047619,4.122,4.8
INV-00738,C,Naypyitaw,Member,Female,Fashion accessories,13.39,4,2.678,56.238,2023-02-05,13:15,Cash,53.56,4.7619047619,2.678,5.4
INV-00949,C, Naypyitaw ,Member,Female,Health and beauty,82.5,9,37.125,779.625,2023-11-02,11:38,Credit card,742.5,4.7619047619,37.125,
INV-01034,A,Yangon,Normal,F,Home and lifestyle,55.6,9,25.02,525.4200000000001,2023-02-16,18:09,Credit card,500.40000000000003,4.7619047619,25.02,9.3
INV-01171,B,Mandalay,Normal,,Home and lifestyle,66.47,8,26.588,558.348,2023-06-12,18:47,Ewallet,531.76,4.7619047619,26.588,4.7
INV-00103,B,Mandalay,Member,,Fashion accessories,64.49,7,22.5715,474.00149999999996,2023-01-17,16:11,Cash,451.42999999999995,4.7619047619,22.5715,9.5
INV-00435,A,Yangon,Normal,F,Food and beverages,96.15,9,43.2675,908.6175000000001,2023-03-18,18:17,Ewallet,865.35,4.7619047619,43.2675,7.2
INV-00075,C, Naypyitaw ,Member,,Health and beauty,12.51,5,3.1275,65.6775,2023-07-06,14:46,Ewallet,62.55,4.7619047619,3.1275,5.2
INV-01387,C,Naypyitaw,Member,Male,Health and beauty,90.01,6,27.003,567.0630000000001,2023-03-13,19:06,Credit card,540.0600000000001,4.7619047619,27.003,
INV-00933,C,Naypyitaw,Member,Female,Fashion accessories,44.87,9,20.1915,424.0215,2023-09-09,14:09,Credit card,403.83,4.7619047619,20.1915,4.6
INV-01406,B,Mandalay,Member,,Electronic accessories,80.77,10,40.385,848.0849999999999,2023-08-01,14:16,Ewallet,807.6999999999999,4.7619047619,40.385,6.6
INV-00303,B,Mandalay,Member,Male,Food and beverages,23.42,7,8.197,172.137,2023-07-19,10:24,Ewallet,163.94,4.7619047619,8.197,6.7
INV-01337,A, Yangon ,Normal,Male,Home and lifestyle,21.63,1,1.0815,22.711499999999997,2023-05-20,10:11,Cash,21.63,4.7619047619,1.0815,
INV-01306,C,Naypyitaw,Normal,Male,Electronic accessories,50.28,1,2.514,52.794000000000004,2023-04-23,14:46,Ewallet,50.28,4.7619047619,2.514,5.5
INV-01401,A,Yangon,Normal,Female,Fashion accessories,78.75,10,39.375,826.875,2023-12-23,15:09,Credit card,787.5,4.7619047619,39.375,4.8
INV-00763,A, Yangon ,Member,Female,Electronic accessories,30.15,2,3.015,63.315,2023-06-09,18:14,Credit card,60.3,4.7619047619,3.015,9.2
INV-00734,B,Mandalay,Member,Male,Health and beauty,79.59,9,35.8155,752.1255000000001,2023-01-27,10:19,Ewallet,716.3100000000001,4.7619047619,35.8155,8.6
INV-00389,C,Naypyitaw,Member,M,Electronic accessories,35.73,6,10.719,225.099,2023-09-28,11:28,Cash,214.38,4.7619047619,10.719,8.1
INV-00236,C,Naypyitaw,Normal,Male,Food and beverages,19.57,2,1.957,41.097,2023-02-04,18:15,Credit card,39.14,4.7619047619,1.957,
INV-01288,B,Mandalay,Member,Female,Sports and travel,91.8,10,45.9,963.9,2023-10-22,20:04,Cash,918.0,4.7619047619,45.9,5.6
INV-00268,C,Naypyitaw,Member,,Fashion accessories,32.88,2,3.288,69.048,2023-02-01,15:59,Ewallet,65.76,4.7619047619,3.288,7.6
INV-00306,C,Naypyitaw,Member,Male,,40.77,1,2.0385,42.8085,2023-05-27,15:16,Cash,40.77,4.7619047619,2.0385,7.9
INV-00839,B,Mandalay,Member,Female,Fashion accessories,84.33,6,25.299,531.279,2023-11-02,15:10,Ewallet,505.98,4.7619047619,25.299,
INV-00118,A,Yangon,Normal,Male,Sports and travel,85.35,5,21.3375,448.0875,2023-05-16,14:07,Cash,426.75,4.7619047619,21.3375,9.9
INV-01253,A,Yangon,Member,Male,Food and beverages,97.59,7,34.1565,717.2865,2023-09-12,18:12,Credit card,683.13,4.7619047619,34.1565,9.4
INV-00674,B,Mandalay,Normal,Female,Food and beverages,51.63,3,7.7445,162.6345,2023-07-19,19:23,Credit card,154.89000000000001,4.7619047619,7.7445,
INV-00250,C,Naypyitaw,Member,Male,Sports and travel,22.18,7,7.763,163.023,2023-08-31,15:35,Ewallet,155.26,4.7619047619,7.763,5.6
INV-01439,A,Yangon,Normal,Male,Food and beverages,47.65,8,19.06,400.26,2023-01-11,19:15,Ewallet,381.2,4.7619047619,19.06,9.4
INV-01111,C,Naypyitaw,Normal,Female,Fashion accessories,77.66,7,27.181,570.801,2023-10-10,17:26,Credit card,543.62,4.7619047619,27.181,6.4
INV-00072,A,Yangon,Normal,Female,Health and beauty,63.47,2,6.347,133.287,2023-05-23,16:26,Credit card,126.94,4.7619047619,6.347,5.6
INV-00095,C,Naypyitaw,Member,Male,Health and beauty,82.02,10,41.01,861.2099999999999,2023-11-24,13:25,Credit card,820.1999999999999,4.7619047619,41.01,7.1
INV-01238,B,Mandalay,Member,Male,Electronic accessories,75.42,1,3.771,79.191,2023-03-16,13:05,Ewallet,75.42,4.7619047619,3.771,7.7
INV-00034,C, Naypyitaw ,Member,Male,Health and beauty,64.29,10,32.145,675.0450000000001,2023-12-24,12:35,Cash,642.9000000000001,4.7619047619,32.145,6.6
INV-00800,C,Naypyitaw,Member,Female,Fashion accessories,55.33,2,5.533,116.193,2023-07-05,13:55,Cash,110.66,4.7619047619,5.533,8.3
INV-01135,B,Mandalay,Member,Male,Electronic accessories,66.29,6,19.887,417.627,2023-04-08,14:22,Ewallet,397.74,4.7619047619,19.887,6.1
INV-00449,B,Mandalay,Normal,Male,Electronic accessories,49.06,1,2.453,51.513000000000005,2023-04-18,20:13,Ewallet,49.06,4.7619047619,2.453,6.2
INV-00446,C,Naypyitaw,Normal,Female,Health and beauty,11.0,10,5.5,115.5,2023-07-06,10:05,Cash,110.0,4.7619047619,5.5,8.7
INV-00772,C,Naypyitaw,Normal,Male,Sports and travel,73.8,10,36.9,774.9,2023-04-12,16:50,Credit card,738.0,4.7619047619,36.9,7.9
INV-00717,C,Naypyitaw,Normal,Female,Electronic accessories,16.57,1,0.8285,17.3985,2023-04-04,12:49,Credit card,16.57,4.7619047619,0.8285,9.6
INV-00944,C,Naypyitaw,Normal,Male,Home and lifestyle,44.24,10,22.12,464.52000000000004,2023-05-08,17:35,Cash,442.40000000000003,4.7619047619,22.12,5.7
INV-01447,B,Mandalay,Normal,Female,Fashion accessories,77.19,10,38.595,810.495,2023-10-11,18:15,Credit card,771.9,4.7619047619,38.595,8.5
INV-01247,A,Yangon,Member,Male,Electronic accessories,85.55,4,17.11,359.31,2023-02-10,19:46,Credit card,342.2,4.7619047619,17.11,5.4
INV-01066,C,Naypyitaw,Member,male,Electronic accessories,44.02,9,19.809,415.98900000000003,2023-12-22,16:00,Cash,396.18,4.7619047619,19.809,7.7
INV-00078,A,Yangon,Member,Male,Home and lifestyle,85.78,2,8.578,180.138,2023-07-01,11:56,Cash,171.56,4.7619047619,8.578,6.3
INV-00085,B,Mandalay,Normal,Female,Electronic accessories,82.5,1,4.125,86.625,2023-02-06,17:38,Credit card,82.5,4.7619047619,4.125,
INV-00889,A,Yangon,Member,Female,Sports and travel,49.94,1,2.497,52.437,2023-04-05,16:41,Cash,49.94,4.7619047619,2.497,5.6
INV-00083,B,Mandalay,Normal,Male,Electronic accessories,54.33,6,16.299,342.279,2023-12-16,14:28,Credit card,325.98,4.7619047619,16.299,6.3
INV-00458,B,Mandalay,Member,Male,Health and beauty,41.49,5,10.3725,217.82250000000002,2023-03-21,14:29,Ewallet,207.45000000000002,4.7619047619,10.3725,7.9
INV-00979,B,Mandalay,Member,F,Health and beauty,39.32,9,17.694,371.574,2023-08-19,12:19,Credit card,353.88,4.7619047619,17.694,7.0
INV-00677,A,Yangon,Normal,Female,,47.43,7,16.6005,348.6105,2023-01-11,17:48,Credit card,332.01,4.7619047619,16.6005,4.8
INV-01490,B,Mandalay,Member,Male,Food and beverages,36.82,10,18.41,386.61,2023-01-23,15:03,Ewallet,368.2,4.7619047619,18.41,5.6
INV-01109,B, Mandalay ,Normal,Male,Health and beauty,56.38,10,28.19,591.9900000000001,2023-03-23,16:35,Credit card,563.8000000000001,4.7619047619,28.19,8.3
INV-00437,A,Yangon,Member,Male,Home and lifestyle,68.7,3,10.305,216.40500000000003,2023-01-19,14:39,Cash,206.10000000000002,4.7619047619,10.305,7.8
INV-00771,A,Yangon,Normal,Male,Food and beverages,40.54,6,12.162,255.40200000000002,2023-07-23,20:42,Ewallet,243.24,4.7619047619,12.162,4.8
INV-00645,A,Yangon,Normal,Male,Electronic accessories,94.05,2,9.405,197.505,2023-05-03,19:54,Cash,188.1,4.7619047619,9.405,6.8
INV-01161,C,Naypyitaw,Member,,Home and lifestyle,20.87,6,6.261,131.481,2023-08-22,15:53,Credit card,125.22,4.7619047619,6.261,8.4
INV-00966,B,Mandalay,Normal,Female,Food and beverages,94.48,6,28.344,595.224,2023-11-17,14:30,Ewallet,566.88,4.7619047619,28.344,5.2
INV-01234,A,Yangon,Normal,Female,Fashion accessories,99.71,7,34.8985,732.8684999999999,2023-05-31,13:40,Credit card,697.9699999999999,4.7619047619,34.8985,6.7
INV-01156,C,Naypyitaw,Normal,F,Food and beverages,13.37,4,2.674,56.153999999999996,2023-06-26,16:58,Credit card,53.48,4.7619047619,2.674,7.4
INV-00405,B,Mandalay,Member,M,Food and beverages,54.14,7,18.949,397.92900000000003,2023-04-18,15:35,Ewallet,378.98,4.7619047619,18.949,9.3
INV-01347,B, Mandalay ,Member,Female,Fashion accessories,86.67,-1,39.0015,819.0314999999999,2023-04-26,14:36,Credit card,780.03,4.7619047619,39.0015,8.3
INV-00994,B,Mandalay,Member,Male,Health and beauty,35.78,6,10.734,225.41400000000002,2023-05-16,18:01,Ewallet,214.68,4.7619047619,10.734,7.2
INV-01233,A,Yangon,Normal,Male,Food and beverages,87.73,8,35.092,736.932,2023-01-29,15:46,Ewallet,701.84,4.7619047619,35.092,9.0
INV-00105,C,Naypyitaw,Normal,Female,Electronic accessories,85.38,2,8.538,179.298,2023-07-25,18:45,Ewallet,170.76,4.7619047619,8.538,7.5
INV-00610,B,Mandalay,Normal,Male,Fashion accessories,37.54,4,7.508,157.668,2023-02-24,20:59,Cash,150.16,4.7619047619,7.508,
INV-00917,A,Yangon,Normal,Female,Health and beauty,36.93,3,5.5395,116.3295,2023-09-09,11:21,Ewallet,110.78999999999999,4.7619047619,5.5395,8.3
INV-00689,C,Naypyitaw,Normal,Male,Home and lifestyle,70.62,3,10.593,222.453,2023-04-23,18:12,Cash,211.86,4.7619047619,10.593,
INV-01232,A,Yangon,Member,M,Fashion accessories,72.02,4,14.404,302.484,2023-06-16,12:28,Cash,288.08,4.7619047619,14.404,7.1
INV-00827,B,Mandalay,Normal,,Home and lifestyle,55.33,3,8.2995,174.2895,2023-07-14,16:18,Cash,165.99,4.7619047619,8.2995,7.9
INV-01182,B,Mandalay,Member,Female,Fashion accessories,14.23,7,4.9805,104.5905,2023-09-15,13:27,Cash,99.61,4.7619047619,4.9805,6.5
INV-01160,A,Yangon,Member,Male,Food and beverages,65.91,10,32.955,692.055,2023-07-13,12:45,Cash,659.0999999999999,4.7619047619,32.955,4.1
INV-00063,C,Naypyitaw,Normal,male,Electronic accessories,68.7,3,10.305,216.40500000000003,2023-02-05,14:58,Credit card,206.10000000000002,4.7619047619,10.305,8.4
INV-00282,B,Mandalay,Member,Female,Home and lifestyle,52.29,3,7.8435,164.7135,2023-05-08,14:15,Credit card,156.87,4.7619047619,7.8435,5.6
INV-00853,A,Yangon,Member,Male,Food and beverages,69.2,2,6.92,145.32,2023-09-01,13:32,Ewallet,138.4,4.7619047619,6.92,9.3
INV-00779,C,Naypyitaw,Member,Male,Fashion accessories,35.52,4,7.104,149.18400000000003,2023-12-23,13:19,Cash,142.08,4.7619047619,7.104,8.8
INV-01047,A,Yangon,Normal,Female,Sports and travel,86.7,8,34.68,728.28,2023-11-30,11:19,Credit card,693.6,4.7619047619,34.68,8.5
INV-00239,B,Mandalay,Normal,M,Electronic accessories,88.54,4,17.708,371.86800000000005,2023-02-06,13:23,Ewallet,354.16,4.7619047619,17.708,4.5
INV-00224,B,Mandalay,Member,female,Fashion accessories,43.3,9,19.485,409.185,2023-01-11,19:08,Credit card,389.7,4.7619047619,19.485,6.4
INV-00146,A,Yangon,Normal,M,,45.09,9,20.2905,426.10050000000007,2023-08-28,19:48,Credit card,405.81000000000006,4.7619047619,20.2905,5.2
INV-01445,C, Naypyitaw ,Normal,,Sports and travel,48.9,7,17.115,359.415,2023-04-16,12:26,Cash,342.3,4.7619047619,17.115,9.7
INV-00374,B,Mandalay,Member,Female,Health and beauty,63.03,9,28.3635,595.6335,2023-09-17,11:36,Cash,567.27,4.7619047619,28.3635,6.9
INV-01270,A,Yangon,Normal,Female,Home and lifestyle,67.23,7,23.5305,494.14050000000003,2023-08-15,10:16,Ewallet,470.61,4.7619047619,23.5305,
INV-00119,C,Naypyitaw,Normal,Male,Electronic accessories,21.46,8,8.584,180.264,2023-03-13,16:01,Cash,171.68,4.7619047619,8.584,5.9
INV-01164,C,Naypyitaw,Normal,Male,Food and beverages,50.07,4,10.014,210.294,2023-12-24,17:09,Cash,200.28,4.7619047619,10.014,6.6
INV-00251,A,Yangon,Member,,Electronic accessories,27.79,9,12.5055,262.6155,2023/05/05,11:45,Credit card,250.10999999999999,4.7619047619,12.5055,4.7
INV-01493,A,Yangon,Member,F,Sports and travel,37.37,10,18.685,392.385,2023-06-04,12:49,Credit card,373.7,4.7619047619,18.685,8.8
INV-01250,B,Mandalay,Member,Male,Health and beauty,25.81,3,3.8715,81.30149999999999,2023-11-14,20:56,Cash,77.42999999999999,4.7619047619,3.8715,
INV-00951,B,Mandalay,Member,Female,Health and beauty,96.59,2,9.659,202.839,2023-04-26,15:55,Credit card,193.18,4.7619047619,9.659,
INV-00010,C, Naypyitaw ,Member,F,Sports and travel,13.14,6,3.942,82.78200000000001,2023-10-07,15:24,Ewallet,78.84,4.7619047619,3.942,9.6
INV-00450,A,Yangon,Normal,Male,Fashion accessories,21.48,10,10.74,225.54000000000002,2023-12-16,19:26,Cash,214.8,4.7619047619,10.74,8.1
INV-00940,B,Mandalay,Member,Female,Electronic accessories,20.16,3,3.024,63.504000000000005,2023-03-18,15:48,Cash,60.480000000000004,4.7619047619,3.024,4.1
INV-00709,A,Yangon,Member,male,Fashion accessories,77.76,4,15.552,326.59200000000004,2023-10-16,13:37,Credit card,311.04,4.7619047619,15.552,8.3
INV-00256,B,Mandalay,Normal,Female,Health and beauty,88.14,3,13.221,277.641,2023-02-19,17:57,Credit card,264.42,4.7619047619,13.221,6.2
INV-00594,B,Mandalay,Member,Female,Sports and travel,17.42,-1,6.097,128.037,2023-11-09,18:17,Ewallet,121.94000000000001,4.7619047619,6.097,6.4
INV-00390,C, Naypyitaw ,Normal,Male,Food and beverages,70.52,6,21.156,444.276,2023-01-05,12:57,Credit card,423.12,4.7619047619,21.156,
INV-01432,B,Mandalay,Normal,Male,Fashion accessories,78.43,2,7.843,164.703,2023-08-21,20:27,Ewallet,156.86,4.7619047619,7.843,7.6
INV-01413,A,Yangon,Member,Male,Home and lifestyle,54.29,2,5.429,114.009,2023-01-17,12:07,Ewallet,108.58,4.7619047619,5.429,4.5
INV-00558,A,Yangon,Member,M,Health and beauty,82.34,6,24.702,518.7420000000001,2023-01-01,19:58,Credit card,494.04,4.7619047619,24.702,4.1
INV-01331,B,Mandalay,Member,Male,Electronic accessories,88.05,7,30.8175,647.1675,2023-04-13,13:20,Ewallet,616.35,4.7619047619,30.8175,
INV-00963,A,Yangon,Member,Male,Electronic accessories,22.45,5,5.6125,117.8625,2023-11-09,12:04,Ewallet,112.25,4.7619047619,5.6125,4.5
INV-00461,A,Yangon,Normal,,Electronic accessories,27.89,1,1.3945,29.2845,2023-04-01,17:26,Ewallet,27.89,4.7619047619,1.3945,4.1
INV-00724,C, Naypyitaw ,Normal,female,Fashion accessories,30.94,5,7.735,162.43500000000003,2023-06-17,11:43,Cash,154.70000000000002,4.7619047619,7.735,7.1
INV-01428,C,Naypyitaw,Normal,Male,Electronic accessories,88.99,4,17.798,373.758,2023-07-23,10:10,Credit card,355.96,4.7619047619,17.798,7.2
INV-00145,A,Yangon,Member,Female,Health and beauty,30.32,1,1.516,31.836,2023-11-02,17:48,Credit card,30.32,4.7619047619,1.516,4.6
INV-00502,B,Mandalay,Member,,Fashion accessories,38.45,9,17.3025,363.3525,2023-10-25,10:25,Ewallet,346.05,4.7619047619,17.3025,5.4
INV-01133,A,Yangon,Normal,Female,Food and beverages,46.21,7,16.1735,339.6435,2023-03-16,13:19,Cash,323.47,4.7619047619,16.1735,6.1
INV-00740,B,Mandalay,Normal,Female,,38.87,7,13.6045,285.69449999999995,2023-01-21,12:17,Ewallet,272.09,4.7619047619,13.6045,4.8
INV-01431,B,Mandalay,Member,Male,Home and lifestyle,34.4,9,15.48,325.08,2023-03-04,10:24,Ewallet,309.59999999999997,4.7619047619,15.48,6.9
INV-00869,C, Naypyitaw ,Normal,F,Food and beverages,61.82,7,21.637,454.377,2023-08-31,11:33,Cash,432.74,4.7619047619,21.637,6.5
INV-00732,C,Naypyitaw,Normal,male,Electronic accessories,83.36,9,37.512,787.752,2023-01-10,13:53,Ewallet,750.24,4.7619047619,37.512,8.7
INV-00540,A,Yangon,Member,Male,Fashion accessories,28.76,9,12.942,271.78200000000004,2023-07-29,20:01,Cash,258.84000000000003,4.7619047619,12.942,6.1
INV-00178,B,Mandalay,Member,Male,Home and lifestyle,54.28,2,5.428,113.988,2023-10-04,20:11,Cash,108.56,4.7619047619,5.428,4.1
INV-01495,B,Mandalay,Normal,Female,Sports and travel,37.16,1,1.858,39.017999999999994,2023-11-26,18:55,Credit card,37.16,4.7619047619,1.858,4.0
INV-00698,B,Mandalay,Member,Female,Health and beauty,33.36,2,3.336,70.056,2023-12-09,18:28,Ewallet,66.72,4.7619047619,3.336,8.0
INV-01001,A,Yangon,Normal,Male,Electronic accessories,37.56,6,11.268,236.62800000000001,2023-10-06,20:19,Ewallet,225.36,4.7619047619,11.268,7.5
INV-01080,C,Naypyitaw,Member,Female,Home and lifestyle,87.47,10,43.735,918.4350000000001,2023-09-21,19:07,Credit card,874.7,4.7619047619,43.735,5.0
INV-00932,C,Naypyitaw,Member,Male,Health and beauty,15.63,4,3.126,65.646,2023-07-25,11:05,Cash,62.52,4.7619047619,3.126,9.7
INV-01119,A,Yangon,Normal,female,Fashion accessories,86.59,8,34.636,727.356,2023-03-02,13:34,Ewallet,692.72,4.7619047619,34.636,10.0
INV-00680,C, Naypyitaw ,Member,F,Electronic accessories,52.66,1,2.633,55.293,2023-09-02,13:48,Cash,52.66,4.7619047619,2.633,7.1
INV-00008,C,Naypyitaw,Member,F,Home and lifestyle,58.16,2,5.816,122.136,2023-02-22,20:37,Cash,116.32,4.7619047619,5.816,5.5
INV-00919,C,Naypyitaw,Normal,Male,Food and beverages,38.1,7,13.335,280.03499999999997,2023-01-07,19:38,Cash,266.7,4.7619047619,13.335,4.9
INV-00668,A,Yangon,Normal,Female,Electronic accessories,29.94,2,2.994,62.874,2023-10-05,11:40,Ewallet,59.88,4.7619047619,2.994,9.1
INV-01199,C,Naypyitaw,Member,M,Electronic accessories,30.73,6,9.219,193.599,2023-11-16,20:19,Credit card,184.38,4.7619047619,9.219,5.9
INV-00358,B,Mandalay,Member,Male,Home and lifestyle,52.7,3,7.905,166.00500000000002,2023-07-22,20:40,Cash,158.10000000000002,4.7619047619,7.905,
INV-00784,B,Mandalay,Normal,Female,Electronic accessories,87.82,2,8.782,184.422,2023-10-17,18:33,Cash,175.64,4.7619047619,8.782,5.8
INV-00736,C,Naypyitaw,Normal,M,Electronic accessories,12.86,6,3.858,81.018,2023-04-25,18:27,Credit card,77.16,4.7619047619,3.858,7.4
INV-00330,A,Yangon,Normal,Male,Health and beauty,50.08,1,2.504,52.583999999999996,2023-02-11,20:12,Credit card,50.08,4.7619047619,2.504,8.1
INV-01086,B,Mandalay,Normal,F,Electronic accessories,30.82,7,10.787,226.52700000000002,2023-01-28,19:37,Cash,215.74,4.7619047619,10.787,5.5
INV-01273,C,Naypyitaw,Normal,Male,Home and lifestyle,14.24,5,3.56,74.76,2023-06-03,16:32,Credit card,71.2,4.7619047619,3.56,
INV-01346,B,Mandalay,Normal,M,Fashion accessories,22.0,3,3.3,69.3,2023-03-14,15:12,Ewallet,66.0,4.7619047619,3.3,6.1
INV-00259,B,Mandalay,Member,Female,Fashion accessories,70.81,4,14.162,297.402,2023-07-01,13:52,Ewallet,283.24,4.7619047619,14.162,5.0
INV-00937,A,Yangon,Normal,male,,53.23,8,21.292,447.13199999999995,2023-12-18,15:06,Cash,425.84,4.7619047619,21.292,5.1
INV-01215,B,Mandalay,Member,Male,Fashion accessories,94.06,3,14.109,296.289,2023-05-01,17:00,Cash,282.18,4.7619047619,14.109,9.7
INV-00373,A,Yangon,Normal,Male,Health and beauty,39.74,7,13.909,292.089,2023-04-20,17:48,Cash,278.18,4.7619047619,13.909,5.4
INV-01139,B,Mandalay,Member,Male,Home and lifestyle,72.62,2,7.262,152.502,2023-02-05,19:44,Ewallet,145.24,4.7619047619,7.262,4.4
INV-00986,B,Mandalay,Normal,Male,Home and lifestyle,42.05,6,12.615,264.91499999999996,2023-05-28,19:50,Cash,252.29999999999998,4.7619047619,12.615,9.7
INV-00143,B,Mandalay,Member,Male,Sports and travel,69.96,6,20.988,440.748,2023-07-17,12:49,Credit card,419.76,4.7619047619,20.988,6.0
INV-00526,B,Mandalay,Member,Male,Fashion accessories,44.87,1,2.2435,47.113499999999995,2023-04-11,15:59,Ewallet,44.87,4.7619047619,2.2435,5.0
INV-01175,B,Mandalay,Normal,Female,Sports and travel,31.2,2,3.12,65.52,2023-07-17,19:00,Credit card,62.4,4.7619047619,3.12,7.7
INV-00233,B,Mandalay,Member,,Health and beauty,24.94,10,12.47,261.87,2023-11-20,13:28,Credit card,249.4,4.7619047619,12.47,4.7
INV-01158,C,Naypyitaw,Normal,Male,Food and beverages,46.27,7,16.1945,340.08450000000005,2023-10-10,20:08,Ewallet,323.89000000000004,4.7619047619,16.1945,5.5
INV-01470,C,Naypyitaw,Member,Male,Sports and travel,45.71,7,15.9985,335.9685,2023-06-15,16:22,Ewallet,319.97,4.7619047619,15.9985,5.0
INV-00441,A,Yangon,Member,Male,Home and lifestyle,61.17,7,21.4095,449.5995,2023-03-17,19:09,Ewallet,428.19,4.7619047619,21.4095,4.0
INV-00532,C,Naypyitaw,Normal,Male,Food and beverages,60.17,3,9.0255,189.53549999999998,2023-11-16,18:34,Ewallet,180.51,4.7619047619,9.0255,
INV-01243,C,Naypyitaw,Normal,Male,Fashion accessories,84.04,8,33.616,705.936,2023-12-16,12:15,Cash,672.32,4.7619047619,33.616,5.0
INV-00227,C,Naypyitaw,Member,Male,Health and beauty,38.62,7,13.517,283.85699999999997,2023-04-28,12:53,Credit card,270.34,4.7619047619,13.517,6.5
INV-01089,C, Naypyitaw ,Normal,Male,Home and lifestyle,88.17,10,44.085,925.7850000000001,2023-07-05,11:15,Ewallet,881.7,4.7619047619,44.085,6.5
INV-00229,C,Naypyitaw,Member,Male,Sports and travel,41.11,7,14.3885,302.1585,2023-04-23,12:46,Ewallet,287.77,4.7619047619,14.3885,4.3
INV-01323,C,Naypyitaw,Normal,Male,Sports and travel,64.92,5,16.23,340.83000000000004,2023-10-24,18:00,Cash,324.6,4.7619047619,16.23,7.5
INV-01341,A,Yangon,Normal,Female,Sports and travel,34.45,5,8.6125,180.8625,2023-06-01,17:55,Credit card,172.25,4.7619047619,8.6125,6.3
INV-00213,B,Mandalay,Normal,Female,Electronic accessories,57.67,2,5.767,121.107,2023-12-10,15:19,Credit card,115.34,4.7619047619,5.767,6.9
INV-00886,A,yangon,Normal,Male,Home and lifestyle,62.34,4,12.468,261.82800000000003,2023-03-03,20:00,Ewallet,249.36,4.7619047619,12.468,6.4
INV-00080,A,Yangon,Member,Female,Electronic accessories,79.97,10,39.985,839.6850000000001,2023-12-10,12:48,Ewallet,799.7,4.7619047619,39.985,8.0
INV-00149,A,Yangon,Member,Male,Electronic accessories,17.29,8,6.916,145.236,2023-10-11,19:41,Ewallet,138.32,4.7619047619,6.916,9.3
INV-00815,C,Naypyitaw,Member,,Electronic accessories,81.38,10,40.69,854.49,2023-10-31,15:32,Credit card,813.8,4.7619047619,40.69,5.9
INV-00964,B,Mandalay,Member,F,Food and beverages,76.44,6,22.932,481.572,2023-02-20,12:27,Credit card,458.64,4.7619047619,22.932,
INV-01371,C,Naypyitaw,Normal,Male,Food and beverages,31.97,4,6.394,134.274,2023-08-30,15:29,Ewallet,127.88,4.7619047619,6.394,9.7
INV-00672,C,Naypyitaw,Normal,Female,Food and beverages,25.44,5,6.36,133.56,2023-04-16,17:09,Ewallet,127.2,4.7619047619,6.36,5.7
INV-01194,B,Mandalay,Member,Male,Fashion accessories,54.03,2,5.403,113.46300000000001,2023-03-21,11:59,Credit card,108.06,4.7619047619,5.403,6.2
INV-00556,B,Mandalay,Normal,Female,Fashion accessories,93.85,5,23.4625,492.7125,2023-07-27,13:26,Credit card,469.25,4.7619047619,23.4625,8.3
INV-00968,A,Yangon,Normal,,Food and beverages,73.08,3,10.962,230.202,2023-05-16,14:15,Ewallet,219.24,4.7619047619,10.962,5.4
INV-00134,B,Mandalay,Member,,Sports and travel,23.34,4,4.668,98.028,2023-01-25,18:12,Cash,93.36,4.7619047619,4.668,9.4
INV-01287,A,Yangon,Normal,female,Electronic accessories,55.87,4,11.174,234.654,2023-07-03,20:43,Cash,223.48,4.7619047619,11.174,7.6
INV-00934,B,Mandalay,Normal,Male,Sports and travel,62.51,3,9.3765,196.9065,2023-02-07,16:45,Ewallet,187.53,4.7619047619,9.3765,4.1
INV-01316,B,Mandalay,Member,M,Food and beverages,33.28,5,8.32,174.72,2023-02-19,17:54,Ewallet,166.4,4.7619047619,8.32,9.5
INV-00824,B,Mandalay,Member,Female,Fashion accessories,86.76,8,34.704,728.784,2023-10-19,12:01,Cash,694.08,4.7619047619,34.704,9.5
INV-00409,C,Naypyitaw,Normal,female,Health and beauty,28.7,5,7.175,150.675,2023-11-21,19:56,Credit card,143.5,4.7619047619,7.175,9.9
INV-00369,A,Yangon,Member,Male,Fashion accessories,84.01,3,12.6015,264.6315,2023-10-16,19:02,Ewallet,252.03000000000003,4.7619047619,12.6015,8.2
INV-00508,C,Naypyitaw,Member,Male,Home and lifestyle,39.47,6,11.841,248.661,2023-06-26,17:48,Ewallet,236.82,4.7619047619,11.841,6.0
INV-01222,A,Yangon,Normal,,Fashion accessories,87.12,1,4.356,91.476,2023-02-20,16:05,Ewallet,87.12,4.7619047619,4.356,7.8
INV-00505,B,mandalay,Member,female,Health and beauty,65.05,10,32.525,683.025,2023-02-25,15:35,Cash,650.5,4.7619047619,32.525,6.2
INV-01376,C, Naypyitaw ,Member,Male,Electronic accessories,21.83,10,10.915,229.21499999999997,2023-11-09,19:36,Ewallet,218.29999999999998,4.7619047619,10.915,9.5
INV-00348,A,Yangon,Member,Male,Fashion accessories,22.87,4,4.574,96.054,2023-10-26,15:42,Cash,91.48,4.7619047619,4.574,5.5
INV-00387,A,Yangon,Member,Male,Fashion accessories,93.52,5,23.38,490.97999999999996,2023-11-10,17:12,Ewallet,467.59999999999997,4.7619047619,23.38,6.5
INV-00001,B,Mandalay,Normal,Male,Home and lifestyle,88.76,1,4.438,93.19800000000001,2023-11-24,20:06,Cash,88.76,4.7619047619,4.438,8.6
INV-01031,A,Yangon,Member,Female,Home and lifestyle,33.17,9,14.9265,313.4565,2023/11/06,17:23,Cash,298.53000000000003,4.7619047619,14.9265,9.1
INV-00361,B,Mandalay,Normal,Female,Health and beauty,59.8,10,29.9,627.9,2023-11-27,20:10,Cash,598.0,4.7619047619,29.9,4.6
INV-00895,B,Mandalay,Normal,Female,Food and beverages,63.94,5,15.985,335.685,2023-09-26,19:30,Ewallet,319.7,4.7619047619,15.985,4.4
INV-00829,C,Naypyitaw,Member,Male,Sports and travel,55.73,5,13.9325,292.5825,2023-01-15,15:14,Ewallet,278.65,4.7619047619,13.9325,8.1
INV-01462,B, Mandalay ,Member,M,Fashion accessories,98.55,4,19.71,413.90999999999997,2023-02-26,15:49,Credit card,394.2,4.7619047619,19.71,6.1
INV-00476,C,Naypyitaw,Member,Female,Fashion accessories,49.65,10,24.825,521.325,2023-04-24,14:24,Cash,496.5,4.7619047619,24.825,9.8
INV-01324,A,Yangon,Normal,female,Food and beverages,94.81,4,18.962,398.202,2023-07-06,10:54,Cash,379.24,4.7619047619,18.962,7.0
INV-00058,A,Yangon,Normal,F,Food and beverages,11.65,6,3.495,73.39500000000001,2023-11-13,18:01,Cash,69.9,4.7619047619,3.495,
INV-00638,A,Yangon,Member,Male,Fashion accessories,46.16,5,11.54,242.33999999999997,2023-05-13,17:41,Ewallet,230.79999999999998,4.7619047619,11.54,5.2
INV-01350,A,Yangon,Member,Female,Health and beauty,90.62,2,9.062,190.30200000000002,2023-07-23,17:23,Cash,181.24,4.7619047619,9.062,6.7
INV-01084,C,Naypyitaw,Member,Female,Electronic accessories,65.55,8,26.22,550.62,2023-08-25,20:45,Ewallet,524.4,4.7619047619,26.22,6.4
INV-01014,A,Yangon,Member,M,Electronic accessories,73.67,5,18.4175,386.76750000000004,2023-08-13,20:58,Ewallet,368.35,4.7619047619,18.4175,6.8
INV-00173,B,Mandalay,Member,Male,Home and lifestyle,18.33,3,2.7495,57.73949999999999,2023-11-08,18:09,Credit card,54.989999999999995,4.7619047619,2.7495,5.4
INV-00451,C,naypyitaw,Normal,Female,Fashion accessories,46.82,5,11.705,245.805,2023-05-08,19:40,Credit card,234.1,4.7619047619,11.705,4.4
INV-00126,B,Mandalay,Normal,,Electronic accessories,90.48,10,45.24,950.0400000000001,2023-10-26,16:33,Credit card,904.8000000000001,4.7619047619,45.24,5.3
INV-00039,B,Mandalay,Member,Male,Electronic accessories,27.55,2,2.755,57.855000000000004,2023-04-21,15:55,Cash,55.1,4.7619047619,2.755,8.5
INV-00531,C,Naypyitaw,Normal,Male,Food and beverages,39.95,8,15.98,335.58000000000004,2023-06-19,15:32,Credit card,319.6,4.7619047619,15.98,7.0
INV-00858,B,Mandalay,Member,female,Sports and travel,78.34,6,23.502,493.54200000000003,2023-01-09,17:42,Ewallet,470.04,4.7619047619,23.502,8.8
INV-00714,B,Mandalay,Normal,Female,Fashion accessories,73.5,8,29.4,617.4,2023-08-08,11:59,Ewallet,588.0,4.7619047619,29.4,9.2
INV-00091,A,Yangon,Normal,Female,,42.65,10,21.325,447.825,2023-03-25,20:43,Ewallet,426.5,4.7619047619,21.325,4.2
INV-01499,B,Mandalay,Member,Female,Fashion accessories,13.49,2,1.349,28.329,2023-07-25,19:06,Ewallet,26.98,4.7619047619,1.349,8.1
INV-00182,A,Yangon,Member,Male,Electronic accessories,59.59,7,20.8565,437.9865,2023-06-15,19:10,Ewallet,417.13,4.7619047619,20.8565,5.2
INV-00876,A,Yangon,Member,Male,Food and beverages,28.64,10,14.32,300.71999999999997,2023-06-30,17:36,Cash,286.4,4.7619047619,14.32,5.0
INV-00590,A,Yangon,Normal,Male,,80.92,1,4.046,84.96600000000001,2023-01-13,17:41,Ewallet,80.92,4.7619047619,4.046,7.1
INV-00787,B,Mandalay,Member,Female,Sports and travel,52.89,4,10.578,222.138,2023-09-30,13:21,Credit card,211.56,4.7619047619,10.578,5.7
INV-00415,B,Mandalay,Member,Male,Food and beverages,66.5,2,6.65,139.65,2023-02-17,19:04,Cash,133.0,4.7619047619,6.65,7.5
INV-00252,B,Mandalay,Member,Male,Electronic accessories,26.25,10,13.125,275.625,2023-08-31,18:54,Credit card,262.5,4.7619047619,13.125,7.1
INV-00070,C,Naypyitaw,Normal,Male,Electronic accessories,99.72,3,14.958,314.118,2023-02-21,11:47,Ewallet,299.15999999999997,4.7619047619,14.958,
INV-00804,B,Mandalay,Normal,Male,Electronic accessories,50.09,10,25.045,525.945,2023-03-20,11:47,Cash,500.90000000000003,4.7619047619,25.045,5.4
INV-00132,A,Yangon,Member,Male,,39.05,6,11.715,246.015,2023-09-10,18:40,Cash,234.29999999999998,4.7619047619,11.715,5.5
INV-00301,A, Yangon ,Normal,male,Food and beverages,10.94,4,2.188,45.948,2023-07-14,18:50,Cash,43.76,4.7619047619,2.188,8.7
INV-01056,B,Mandalay,Member,Female,Fashion accessories,35.32,8,14.128,296.688,2023-08-29,18:27,Cash,282.56,4.7619047619,14.128,7.6
INV-00327,B,Mandalay,Member,Female,Fashion accessories,29.64,2,2.964,62.244,2023-03-22,16:52,Ewallet,59.28,4.7619047619,2.964,6.7
INV-00102,B, Mandalay ,Member,Male,,99.5,8,39.8,835.8,2023-04-28,10:31,Ewallet,796.0,4.7619047619,39.8,6.1
INV-01179,C,Naypyitaw,Normal,Male,Home and lifestyle,28.31,6,8.493,178.35299999999998,2023-09-11,15:54,Ewallet,169.85999999999999,4.7619047619,8.493,7.7
INV-00500,C,Naypyitaw,Normal,female,Food and beverages,20.95,4,4.19,87.99,2023-05-14,15:48,Credit card,83.8,4.7619047619,4.19,5.7
INV-00342,B,Mandalay,Normal,Male,Sports and travel,35.5,9,15.975,335.475,2023-11-01,11:46,Ewallet,319.5,4.7619047619,15.975,9.0
INV-00833,A,yangon,Normal,Female,Electronic accessories,79.12,1,3.956,83.07600000000001,2023-09-07,20:21,Credit card,79.12,4.7619047619,3.956,9.5
INV-00365,C,Naypyitaw,Normal,Male,Fashion accessories,33.23,2,3.323,69.78299999999999,2023-02-07,12:04,Cash,66.46,4.7619047619,3.323,4.8
INV-00496,B,Mandalay,Member,Male,Sports and travel,32.83,10,16.415,344.715,2023-10-02,18:00,Ewallet,328.29999999999995,4.7619047619,16.415,4.0
INV-01441,C,Naypyitaw,Normal,male,Sports and travel,37.3,8,14.92,313.32,2023-06-20,17:26,Cash,298.4,4.7619047619,14.92,9.8
INV-00339,B,Mandalay,Normal,Female,Electronic accessories,83.76,10,41.88,879.48,2023-10-19,12:31,Credit card,837.6,4.7619047619,41.88,
INV-00422,C,Naypyitaw,Member,Male,Sports and travel,54.09,8,21.636,454.35600000000005,2023-03-08,19:11,Ewallet,432.72,4.7619047619,21.636,5.2
INV-00165,A,Yangon,Member,M,Home and lifestyle,76.47,5,19.1175,401.46750000000003,2023-09-14,11:39,Ewallet,382.35,4.7619047619,19.1175,4.1
INV-00029,B,Mandalay,Member,female,Fashion accessories,12.12,4,2.424,50.903999999999996,2023-08-18,17:04,Ewallet,48.48,4.7619047619,2.424,6.7
INV-00517,B,Mandalay,Member,male,Electronic accessories,84.84,2,8.484,178.16400000000002,2023-05-11,19:32,Ewallet,169.68,4.7619047619,8.484,6.4
INV-00194,B,Mandalay,Member,Female,Home and lifestyle,36.61,5,9.1525,192.20250000000001,2023-09-06,20:58,Cash,183.05,4.7619047619,9.1525,7.9
INV-01474,B,Mandalay,Normal,Male,Fashion accessories,33.46,10,16.73,351.33000000000004,2023-01-27,15:58,Cash,334.6,4.7619047619,16.73,8.0
INV-01408,C,Naypyitaw,Normal,Female,Home and lifestyle,10.24,7,3.584,75.26400000000001,2023-02-20,16:54,Cash,71.68,4.7619047619,3.584,6.9
INV-00946,A, Yangon ,Normal,Female,Home and lifestyle,57.82,6,17.346,364.266,2023-10-13,16:06,Cash,346.92,4.7619047619,17.346,8.0
INV-01407,C,Naypyitaw,Member,Male,Fashion accessories,46.46,2,4.646,97.566,2023-12-02,12:01,Ewallet,92.92,4.7619047619,4.646,4.4
INV-00170,B,Mandalay,Normal,Female,,82.37,4,16.474,345.954,2023-06-02,19:41,Cash,329.48,4.7619047619,16.474,
INV-00168,A,Yangon,Member,Female,Sports and travel,61.54,10,30.77,646.17,2023-02-24,19:35,Ewallet,615.4,4.7619047619,30.77,8.7
INV-00653,B,Mandalay,Normal,Male,Health and beauty,65.08,9,29.286,615.0060000000001,2023-06-13,15:59,Cash,585.72,4.7619047619,29.286,6.9
INV-00174,A,Yangon,Normal,Female,,80.23,6,24.069,505.449,2023-04-12,10:28,Ewallet,481.38,4.7619047619,24.069,4.8
INV-00519,C,Naypyitaw,Normal,Female,Home and lifestyle,75.08,9,33.786,709.5060000000001,2023-12-29,10:02,Ewallet,675.72,4.7619047619,33.786,6.3
INV-01377,B,Mandalay,Member,Male,Food and beverages,33.62,6,10.086,211.80599999999998,2023-04-24,10:27,Ewallet,201.71999999999997,4.7619047619,10.086,9.1
INV-01221,C,Naypyitaw,Member,Female,Fashion accessories,56.3,7,19.705,413.80499999999995,2023-08-11,11:14,Ewallet,394.09999999999997,4.7619047619,19.705,7.8
INV-00913,B,Mandalay,Member,Female,Food and beverages,84.64,10,42.32,888.72,2023-05-30,11:32,Credit card,846.4,4.7619047619,42.32,6.1
INV-00492,B,Mandalay,Member,Male,Sports and travel,12.78,2,1.278,26.837999999999997,2023-11-25,10:18,Cash,25.56,4.7619047619,1.278,5.4
INV-00954,C,Naypyitaw,Member,Male,Fashion accessories,71.26,8,28.504,598.5840000000001,2023-08-19,16:49,Cash,570.08,4.7619047619,28.504,
INV-00074,C,Naypyitaw,Member,Male,Home and lifestyle,21.37,10,10.685,224.38500000000002,2023-11-22,12:23,Credit card,213.70000000000002,4.7619047619,10.685,9.4
INV-01296,A,Yangon,Normal,Female,Electronic accessories,90.14,1,4.507,94.647,2023-01-05,14:42,Cash,90.14,4.7619047619,4.507,8.5
INV-00588,A,Yangon,Normal,M,Fashion accessories,67.74,2,6.774,142.254,2023-04-12,10:18,Credit card,135.48,4.7619047619,6.774,
INV-00751,A,Yangon,Member,Female,Fashion accessories,95.86,7,33.551,704.571,2023-02-28,10:25,Credit card,671.02,4.7619047619,33.551,
INV-00658,B,Mandalay,Normal,Male,,87.62,2,8.762,184.002,2023-04-29,14:37,Credit card,175.24,4.7619047619,8.762,5.1
INV-00235,A,Yangon,Normal,Male,Home and lifestyle,54.94,5,13.735,288.435,2023-04-28,17:14,Ewallet,274.7,4.7619047619,13.735,6.5
INV-00733,B,Mandalay,Member,Male,Food and beverages,88.97,2,8.897,186.837,2023-10-04,10:48,Cash,177.94,4.7619047619,8.897,7.4
INV-01223,B,Mandalay,Member,Male,Food and beverages,52.02,1,2.601,54.621,2023-11-21,11:06,Credit card,52.02,4.7619047619,2.601,7.8
INV-01269,B,Mandalay,Member,Female,Health and beauty,96.53,3,14.4795,304.0695,2023-02-07,19:04,Credit card,289.59000000000003,4.7619047619,14.4795,7.4
INV-00935,A, Yangon ,Member,M,Health and beauty,51.78,7,18.123,380.583,2023-10-23,20:09,Credit card,362.46000000000004,4.7619047619,18.123,5.0
INV-00109,A,Yangon,Member,Female,Home and lifestyle,78.07,10,39.035,819.7349999999999,2023-10-18,15:04,Cash,780.6999999999999,4.7619047619,39.035,7.9
INV-00569,C,Naypyitaw,Normal,Male,Electronic accessories,48.54,6,14.562,305.802,2023-08-15,20:49,Ewallet,291.24,4.7619047619,14.562,7.7
INV-00891,C,Naypyitaw,Normal,Female,Fashion accessories,17.29,8,6.916,145.236,2023-04-21,11:57,Credit card,138.32,4.7619047619,6.916,4.4
INV-00948,C,Naypyitaw,Member,Male,,65.18,5,16.295,342.19500000000005,2023-11-07,15:35,Ewallet,325.90000000000003,4.7619047619,16.295,4.2
INV-01365,C,Naypyitaw,Member,Male,Home and lifestyle,56.16,1,2.808,58.967999999999996,2023-07-15,17:03,Cash,56.16,4.7619047619,2.808,7.1
INV-00885,C, Naypyitaw ,Normal,female,Food and beverages,61.34,4,12.268,257.62800000000004,2023-06-11,17:03,Credit card,245.36,4.7619047619,12.268,
INV-01308,C,Naypyitaw,Normal,Female,Food and beverages,42.2,3,6.33,132.93,2023-04-08,10:21,Credit card,126.60000000000001,4.7619047619,6.33,6.0
INV-00851,A,Yangon,Normal,Female,Electronic accessories,48.34,8,19.336,406.05600000000004,2023/05/04,11:45,Cash,386.72,4.7619047619,19.336,5.9
INV-00735,B, Mandalay ,Normal,Male,Fashion accessories,70.44,5,17.61,369.81,2023-06-29,17:43,Credit card,352.2,4.7619047619,17.61,4.9
INV-00718,C,Naypyitaw,Normal,Male,Health and beauty,76.96,7,26.936,565.656,2023-01-26,12:49,Ewallet,538.7199999999999,4.7619047619,26.936,7.5
INV-00455,A,Yangon,Member,,Sports and travel,73.07,1,3.6535,76.72349999999999,2023-10-14,14:30,Credit card,73.07,4.7619047619,3.6535,5.7
INV-00265,C,Naypyitaw,Normal,Male,Health and beauty,42.73,4,8.546,179.46599999999998,2023-12-01,13:24,Ewallet,170.92,4.7619047619,8.546,5.7
INV-00076,C,Naypyitaw,Normal,male,Sports and travel,66.05,9,29.7225,624.1724999999999,2023-03-25,15:49,Ewallet,594.4499999999999,4.7619047619,29.7225,7.7
INV-00445,C,Naypyitaw,Normal,Male,Fashion accessories,99.47,5,24.8675,522.2175,2023-06-07,19:02,Cash,497.35,4.7619047619,24.8675,5.4
INV-00396,C,Naypyitaw,Member,F,Electronic accessories,68.77,8,27.508,577.668,2023-03-10,18:18,Credit card,550.16,4.7619047619,27.508,5.9
INV-00177,B,Mandalay,Normal,Male,Health and beauty,37.68,5,9.42,197.82,2023-03-24,11:32,Ewallet,188.4,4.7619047619,9.42,
INV-01043,B,Mandalay,Member,F,Fashion accessories,75.22,1,3.761,78.981,2023-01-21,17:22,Cash,75.22,4.7619047619,3.761,
INV-01354,C,Naypyitaw,Normal,Female,Food and beverages,40.23,6,12.069,253.44899999999998,2023-07-22,13:09,Credit card,241.38,4.7619047619,12.069,8.4
INV-01440,B,Mandalay,Normal,Male,Health and beauty,50.0,2,5.0,105.0,2023-01-26,20:18,Credit card,100.0,4.7619047619,5.0,6.4
INV-01235,B,Mandalay,Normal,Female,Electronic accessories,48.42,9,21.789,457.569,2023-07-03,12:58,Cash,435.78000000000003,4.7619047619,21.789,7.4
INV-00596,B,Mandalay,Member,Female,Electronic accessories,53.71,2,5.371,112.791,2023-08-22,14:08,Cash,107.42,4.7619047619,5.371,6.0
INV-00062,A, Yangon ,Normal,Female,Fashion accessories,69.5,1,3.475,72.975,2023-12-27,12:17,Ewallet,69.5,4.7619047619,3.475,5.0
INV-00873,B,Mandalay,Member,Female,Food and beverages,17.84,10,8.92,187.32,2023-08-06,15:17,Cash,178.4,4.7619047619,8.92,
INV-01157,A,Yangon,Normal,Male,Electronic accessories,55.48,5,13.87,291.27,2023-06-20,10:17,Credit card,277.4,4.7619047619,13.87,9.1
INV-01453,C,Naypyitaw,Member,Female,Electronic accessories,99.36,3,14.904,312.984,2023-03-17,17:22,Ewallet,298.08,4.7619047619,14.904,
INV-00279,C,naypyitaw,Normal,Male,Sports and travel,65.3,10,32.65,685.65,2023-04-04,12:35,Ewallet,653.0,4.7619047619,32.65,6.8
INV-00037,B,Mandalay,Member,Female,Food and beverages,52.39,5,13.0975,275.0475,2023-05-23,15:42,Ewallet,261.95,4.7619047619,13.0975,9.6
INV-00663,B,mandalay,Normal,Male,Health and beauty,21.91,9,9.8595,207.0495,2023-04-20,20:07,Ewallet,197.19,4.7619047619,9.8595,4.2
INV-01398,A,Yangon,Normal,Male,Fashion accessories,95.37,6,28.611,600.831,2023-08-21,20:19,Ewallet,572.22,4.7619047619,28.611,6.0
INV-01121,C,Naypyitaw,Normal,,Fashion accessories,13.17,6,3.951,82.97099999999999,2023-03-20,17:36,Credit card,79.02,4.7619047619,3.951,9.0
INV-00978,A,yangon,Normal,,Fashion accessories,65.27,2,6.527,137.06699999999998,2023-07-29,20:38,Credit card,130.54,4.7619047619,6.527,
INV-00739,B,Mandalay,Member,Female,Electronic accessories,82.73,6,24.819,521.199,2023-11-30,17:22,Ewallet,496.38,4.7619047619,24.819,4.1
INV-00192,C,Naypyitaw,Normal,Male,Home and lifestyle,16.0,1,0.8,16.8,2023-02-10,16:18,Cash,16.0,4.7619047619,0.8,7.9
INV-00920,A,Yangon,Member,Male,Electronic accessories,75.26,7,26.341,553.1610000000001,2023-10-21,16:49,Ewallet,526.82,4.7619047619,26.341,6.7
INV-00457,A,Yangon,Member,,Health and beauty,94.48,2,9.448,198.40800000000002,2023-11-14,20:25,Credit card,188.96,4.7619047619,9.448,8.2
INV-00676,C,Naypyitaw,Member,Female,Electronic accessories,20.97,2,2.097,44.037,2023/12/23,18:58,Ewallet,41.94,4.7619047619,2.097,8.9
INV-00761,A,Yangon,Member,Male,Sports and travel,48.53,9,21.8385,458.6085,2023-02-28,14:56,Credit card,436.77,4.7619047619,21.8385,
INV-01399,B,Mandalay,Member,Male,Food and beverages,74.0,6,22.2,466.2,2023-07-09,19:02,Ewallet,444.0,4.7619047619,22.2,8.5
INV-00729,A,Yangon,Member,Male,,50.7,6,15.21,319.41,2023-05-10,12:34,Ewallet,304.20000000000005,4.7619047619,15.21,
INV-00413,C,Naypyitaw,Normal,Male,,80.35,6,24.105,506.205,2023-05-09,16:49,Cash,482.09999999999997,4.7619047619,24.105,5.1
INV-00826,C,naypyitaw,Normal,female,Fashion accessories,73.54,9,33.093,694.953,2023-12-09,19:37,Credit card,661.86,4.7619047619,33.093,5.1
INV-00617,A,Yangon,Member,Female,,31.21,9,14.0445,294.93449999999996,2023-01-26,19:14,Cash,280.89,4.7619047619,14.0445,5.6
INV-00115,B,Mandalay,Normal,Male,Home and lifestyle,13.82,5,3.455,72.55499999999999,2023-11-26,16:36,Ewallet,69.1,4.7619047619,3.455,5.6
INV-00418,B, Mandalay ,Normal,Female,Electronic accessories,39.24,9,17.658,370.81800000000004,2023-05-22,17:29,Credit card,353.16,4.7619047619,17.658,6.3
INV-01475,B,Mandalay,Member,Male,Sports and travel,56.65,2,5.665,118.965,2023-03-06,19:01,Ewallet,113.3,4.7619047619,5.665,6.4
INV-00970,B,Mandalay,Normal,Male,Home and lifestyle,47.65,4,9.53,200.13,2023-02-11,19:39,Credit card,190.6,4.7619047619,9.53,
INV-00605,A,Yangon,Normal,Female,Electronic accessories,39.53,5,9.8825,207.5325,2023-05-05,17:06,Ewallet,197.65,4.7619047619,9.8825,7.1
INV-01481,C,Naypyitaw,Member,Male,Sports and travel,12.44,5,3.11,65.31,2023-08-18,17:02,Cash,62.199999999999996,4.7619047619,3.11,8.9
INV-00090,B,mandalay,Normal,Male,Home and lifestyle,12.22,5,3.055,64.155,2023-05-06,11:18,Credit card,61.1,4.7619047619,3.055,6.0
INV-00849,B,Mandalay,Member,Female,Health and beauty,59.67,6,17.901,375.921,2023-09-08,12:53,Ewallet,358.02,4.7619047619,17.901,8.7
INV-01183,B,Mandalay,Member,,,40.49,6,12.147,255.087,2023-10-30,13:31,Credit card,242.94,4.7619047619,12.147,7.4
INV-01480,B,Mandalay,Normal,Female,Fashion accessories,50.02,3,7.503,157.563,2023-09-01,14:11,Credit card,150.06,4.7619047619,7.503,9.8
INV-00754,B,Mandalay,Member,Male,Food and beverages,91.37,10,45.685,959.385,2023-08-27,10:08,Ewallet,913.7,4.7619047619,45.685,7.8
INV-00499,C,Naypyitaw,Normal,Female,Electronic accessories,54.51,9,24.5295,515.1195,2023-03-01,14:46,Credit card,490.59,4.7619047619,24.5295,
INV-00012,C,Naypyitaw,Normal,Female,Health and beauty,12.7,5,3.175,66.675,2023-10-30,14:29,Ewallet,63.5,4.7619047619,3.175,6.5
INV-00397,C,Naypyitaw,Normal,Male,Health and beauty,62.17,5,15.5425,326.39250000000004,2023-05-16,14:54,Credit card,310.85,4.7619047619,15.5425,4.9
INV-00285,B,Mandalay,Member,,Home and lifestyle,38.35,5,9.5875,201.3375,2023-10-09,16:40,Cash,191.75,4.7619047619,9.5875,9.4
INV-01067,A,Yangon,Member,Male,Health and beauty,98.31,9,44.2395,929.0295,2023-09-11,13:13,Credit card,884.79,4.7619047619,44.2395,5.2
INV-00691,B,Mandalay,Normal,Male,Electronic accessories,34.92,7,12.222,256.662,2023-04-23,12:10,Cash,244.44,4.7619047619,12.222,6.3
INV-01272,C,Naypyitaw,Normal,Male,Health and beauty,17.13,8,6.852,143.892,2023-10-28,10:50,Ewallet,137.04,4.7619047619,6.852,7.9
INV-01450,B,Mandalay,Member,Male,Food and beverages,26.46,2,2.646,55.566,2023-04-21,10:24,Ewallet,52.92,4.7619047619,2.646,8.7
INV-00690,A,Yangon,Normal,Male,Fashion accessories,22.36,5,5.59,117.39,2023-09-07,19:34,Credit card,111.8,4.7619047619,5.59,7.5
INV-00852,C,Naypyitaw,Member,male,Home and lifestyle,97.1,6,29.13,611.7299999999999,2023-12-20,12:00,Ewallet,582.5999999999999,4.7619047619,29.13,4.8
INV-00160,C,Naypyitaw,Member,F,Home and lifestyle,54.01,9,24.3045,510.3945,2023-08-11,14:29,Ewallet,486.09,4.7619047619,24.3045,8.9
INV-00896,A,Yangon,Normal,male,Fashion accessories,28.11,2,2.811,59.031,2023-11-02,14:02,Cash,56.22,4.7619047619,2.811,5.6
INV-01230,B,Mandalay,Normal,Female,,52.79,5,13.1975,277.1475,2023-01-15,19:00,Cash,263.95,4.7619047619,13.1975,4.5
INV-00258,B,mandalay,Normal,female,Sports and travel,24.63,8,9.852,206.892,2023-08-09,16:05,Ewallet,197.04,4.7619047619,9.852,9.4
INV-00336,A,Yangon,Member,Female,Food and beverages,11.29,6,3.387,71.127,2023-05-01,16:47,Cash,67.74,4.7619047619,3.387,7.0
INV-01454,B,Mandalay,Normal,Male,Food and beverages,79.99,2,7.999,167.97899999999998,2023-11-02,19:32,Ewallet,159.98,4.7619047619,7.999,6.9
INV-01040,B,Mandalay,Member,female,Home and lifestyle,90.41,7,31.6435,664.5135,2023-12-11,14:21,Cash,632.87,4.7619047619,31.6435,
INV-00516,A,Yangon,Member,M,Food and beverages,16.06,3,2.409,50.58899999999999,2023-04-08,12:12,Ewallet,48.17999999999999,4.7619047619,2.409,5.1
INV-01016,C,Naypyitaw,Normal,M,Food and beverages,90.85,10,45.425,953.925,2023-08-28,13:42,Ewallet,908.5,4.7619047619,45.425,9.6
INV-00769,B, Mandalay ,Member,Male,Sports and travel,58.33,8,23.332,489.972,2023-12-13,18:31,Credit card,466.64,4.7619047619,23.332,6.6
INV-01360,B,Mandalay,Member,Female,Sports and travel,77.55,8,31.02,651.42,2023-07-08,10:48,Cash,620.4,4.7619047619,31.02,6.7
INV-00762,B,Mandalay,Normal,Male,Food and beverages,15.53,4,3.106,65.226,2023-03-25,12:42,Cash,62.12,4.7619047619,3.106,7.4
INV-01138,B,Mandalay,Normal,Female,Health and beauty,28.81,3,4.3215,90.7515,2023-03-11,13:13,Credit card,86.42999999999999,4.7619047619,4.3215,
INV-00522,B,Mandalay,Member,Male,Sports and travel,62.11,3,9.3165,195.64649999999997,2023-09-24,17:33,Cash,186.32999999999998,4.7619047619,9.3165,4.8
INV-00023,A,Yangon,Normal,Male,Health and beauty,49.09,2,4.909,103.08900000000001,2023-04-12,16:46,Cash,98.18,4.7619047619,4.909,8.6
INV-00357,A, Yangon ,Normal,Male,,27.47,1,1.3735,28.8435,2023-05-16,10:04,Ewallet,27.47,4.7619047619,1.3735,5.6
INV-01315,B,Mandalay,Member,Male,Food and beverages,45.36,10,22.68,476.28000000000003,2023-11-18,15:03,Credit card,453.6,4.7619047619,22.68,9.6
INV-00341,B,Mandalay,Member,female,Fashion accessories,80.9,10,40.45,849.45,2023-10-24,18:17,Credit card,809.0,4.7619047619,40.45,6.4
INV-00432,C,Naypyitaw,Normal,Male,Fashion accessories,56.97,2,5.697,119.637,2023-02-27,14:54,Credit card,113.94,4.7619047619,5.697,
INV-00474,C,Naypyitaw,Normal,F,Fashion accessories,56.19,9,25.2855,530.9955,2023-01-20,13:09,Credit card,505.71,4.7619047619,25.2855,6.4
INV-00218,C,Naypyitaw,Normal,Female,Home and lifestyle,37.27,5,9.3175,195.66750000000002,2023-08-20,12:04,Cash,186.35000000000002,4.7619047619,9.3175,5.6
INV-00912,A,Yangon,Normal,Male,Food and beverages,66.18,10,33.09,694.8900000000001,2023-10-11,12:50,Credit card,661.8000000000001,4.7619047619,33.09,7.2
INV-01246,B,Mandalay,Member,Male,Electronic accessories,55.25,4,11.05,232.05,2023-03-31,18:38,Cash,221.0,4.7619047619,11.05,6.4
INV-01012,C,naypyitaw,Member,Female,Fashion accessories,15.16,5,3.79,79.59,2023-10-19,15:44,Ewallet,75.8,4.7619047619,3.79,9.8
INV-01039,A,Yangon,Normal,Male,Food and beverages,16.27,10,8.135,170.83499999999998,2023-01-11,12:22,Cash,162.7,4.7619047619,8.135,6.3
INV-00094,B,Mandalay,Normal,,Home and lifestyle,21.47,6,6.441,135.261,2023-05-19,14:02,Ewallet,128.82,4.7619047619,6.441,9.4
INV-01009,A,Yangon,Normal,Female,Food and beverages,81.27,9,36.5715,768.0015,2023-03-26,18:59,Credit card,731.43,4.7619047619,36.5715,4.1
INV-01071,A,Yangon,Member,Female,Fashion accessories,48.25,4,9.65,202.65,2023-10-09,18:11,Ewallet,193.0,4.7619047619,9.65,
INV-01093,B, Mandalay ,Member,male,Electronic accessories,56.55,3,8.4825,178.13249999999996,2023-08-15,16:26,Cash,169.64999999999998,4.7619047619,8.4825,5.4
INV-00697,A,Yangon,Normal,Female,Home and lifestyle,86.11,8,34.444,723.324,2023-06-22,11:57,Ewallet,688.88,4.7619047619,34.444,5.0
INV-01388,A, Yangon ,Member,Male,Fashion accessories,24.46,2,2.446,51.366,2023-01-24,12:06,Ewallet,48.92,4.7619047619,2.446,6.5
INV-00997,C,Naypyitaw,Normal,Male,Fashion accessories,85.29,3,12.7935,268.6635,2023-12-05,14:53,Cash,255.87,4.7619047619,12.7935,8.8
INV-00154,B,Mandalay,Member,Male,Electronic accessories,15.92,7,5.572,117.012,2023-10-02,11:30,Credit card,111.44,4.7619047619,5.572,6.3
INV-01100,B,Mandalay,Normal,F,Sports and travel,18.61,5,4.6525,97.7025,2023-08-13,12:35,Ewallet,93.05,4.7619047619,4.6525,7.4
INV-01343,C, Naypyitaw ,Normal,Male,Health and beauty,36.59,4,7.318,153.67800000000003,2023-02-28,14:20,Ewallet,146.36,4.7619047619,7.318,
INV-00896,A,Yangon,Normal,Male,Fashion accessories,28.11,2,2.811,59.031,2023-11-02,14:02,Cash,56.22,4.7619047619,2.811,5.6
INV-00790,C, Naypyitaw ,Member,Male,Electronic accessories,49.61,6,14.883,312.54299999999995,2023-07-09,15:05,Ewallet,297.65999999999997,4.7619047619,14.883,9.2
INV-00581,B,Mandalay,Member,Female,Food and beverages,83.09,7,29.0815,610.7115,2023-11-14,14:18,Ewallet,581.63,4.7619047619,29.0815,4.1
INV-00704,A,Yangon,Normal,Male,Health and beauty,19.49,6,5.847,122.78699999999999,2023-11-15,20:51,Credit card,116.94,4.7619047619,5.847,7.6
INV-01302,C,Naypyitaw,Normal,Male,Home and lifestyle,73.81,1,3.6905,77.5005,2023-05-27,17:22,Ewallet,73.81,4.7619047619,3.6905,6.3
INV-00488,A,Yangon,Member,Male,Fashion accessories,19.42,3,2.913,61.173,2023-05-23,16:32,Credit card,58.260000000000005,4.7619047619,2.913,6.9
INV-00560,B,Mandalay,Normal,F,Fashion accessories,44.73,2,4.473,93.93299999999999,2023-05-27,10:45,Cash,89.46,4.7619047619,4.473,6.0
INV-01120,A, Yangon ,Normal,Female,Food and beverages,41.13,8,16.452,345.492,2023-11-28,14:10,Credit card,329.04,4.7619047619,16.452,8.1
INV-00802,A,Yangon,Normal,Female,Fashion accessories,95.73,2,9.573,201.03300000000002,2023-08-24,10:13,Ewallet,191.46,4.7619047619,9.573,4.5
INV-00513,C,Naypyitaw,Member,Female,Health and beauty,49.24,7,17.234,361.914,2023-03-01,16:23,Ewallet,344.68,4.7619047619,17.234,5.7
INV-00634,B,Mandalay,Normal,Female,Fashion accessories,212.75366719518107,6,8.253,1808.1364519919662,2023-08-17,18:29,Ewallet,165.06,4.7619047619,8.253,9.1
INV-01146,C,Naypyitaw,Normal,Male,Home and lifestyle,28.54,8,11.416,239.736,2023-05-25,10:36,Ewallet,228.32,4.7619047619,11.416,6.1
INV-01384,A,Yangon,Normal,Female,Electronic accessories,72.11,5,18.0275,378.5775,2023-11-29,17:17,Cash,360.55,4.7619047619,18.0275,
INV-00791,A,Yangon,Normal,male,Sports and travel,53.46,2,5.346,112.266,2023-02-05,18:46,Credit card,106.92,4.7619047619,5.346,8.2
INV-00117,C, Naypyitaw ,Member,Female,Home and lifestyle,91.24,6,27.372,574.8119999999999,2023-03-15,20:26,Cash,547.4399999999999,4.7619047619,27.372,4.7
INV-00741,B,Mandalay,Member,,Sports and travel,60.62,1,3.031,63.650999999999996,2023-01-16,13:59,Ewallet,60.62,4.7619047619,3.031,5.9
INV-01082,A,Yangon,Normal,Male,Fashion accessories,68.84,9,30.978,650.538,2023-12-03,17:39,Credit card,619.5600000000001,4.7619047619,30.978,8.8
INV-00831,A,Yangon,Normal,F,Health and beauty,53.0,10,26.5,556.5,2023-06-16,13:31,Cash,530.0,4.7619047619,26.5,5.5
INV-00120,B,Mandalay,Normal,Male,Food and beverages,21.36,3,3.204,67.28399999999999,2023-05-07,15:10,Credit card,64.08,4.7619047619,3.204,4.7
INV-00657,A,Yangon,Member,Male,Home and lifestyle,41.48,2,4.148,87.10799999999999,2023-03-19,14:21,Credit card,82.96,4.7619047619,4.148,7.3
INV-01472,C,Naypyitaw,Normal,female,Sports and travel,61.24,8,24.496,514.416,2023-03-31,13:37,Ewallet,489.92,4.7619047619,24.496,9.6
INV-00636,B,Mandalay,Normal,Male,Food and beverages,70.9,5,17.725,372.225,2023-09-01,11:21,Credit card,354.5,4.7619047619,17.725,4.8
INV-00370,A,Yangon,Member,female,Sports and travel,91.25,7,31.9375,670.6875,2023-02-21,19:09,Credit card,638.75,4.7619047619,31.9375,8.8
INV-00269,B,Mandalay,Normal,Female,Electronic accessories,36.59,2,3.659,76.83900000000001,2023-07-26,11:53,Cash,73.18,4.7619047619,3.659,4.3
INV-00656,A,Yangon,Normal,M,Food and beverages,16.38,7,5.733,120.393,2023-03-12,13:28,Cash,114.66,4.7619047619,5.733,8.9
INV-00936,A,Yangon,Normal,Female,Health and beauty,65.73,7,23.0055,483.1155,2023-11-19,16:20,Credit card,460.11,4.7619047619,23.0055,10.0
INV-00823,B,Mandalay,Normal,Female,Food and beverages,72.96,4,14.592,306.43199999999996,2023-08-26,13:47,Credit card,291.84,4.7619047619,14.592,
INV-00867,A,yangon,Normal,Male,Health and beauty,47.11,8,18.844,395.724,2023-10-25,20:27,Credit card,376.88,4.7619047619,18.844,4.5
INV-00047,B,Mandalay,Normal,Female,Home and lifestyle,18.39,7,6.4365,135.1665,2023-11-06,20:30,Cash,128.73000000000002,4.7619047619,6.4365,4.8
INV-01334,C,naypyitaw,Member,Male,,89.44,7,31.304,657.3839999999999,2023-07-07,11:36,Ewallet,626.0799999999999,4.7619047619,31.304,4.2
INV-00992,B,Mandalay,Member,Male,Food and beverages,20.72,8,8.288,174.048,2023-12-18,19:34,Ewallet,165.76,4.7619047619,8.288,4.9
INV-00877,C,Naypyitaw,Member,Male,Health and beauty,58.96,2,5.896,123.816,2023-12-26,13:44,Cash,117.92,4.7619047619,5.896,9.4
INV-00774,B,Mandalay,Normal,Female,Health and beauty,38.32,3,5.748,120.70800000000001,2023-10-31,16:26,Credit card,114.96000000000001,4.7619047619,5.748,9.7
INV-00195,B,Mandalay,Normal,Female,Food and beverages,93.93,4,18.786,394.50600000000003,2023-02-05,19:55,Cash,375.72,4.7619047619,18.786,4.3
INV-00005,A,Yangon,Member,Female,Home and lifestyle,19.5,2,1.95,40.95,2023-05-06,19:09,Ewallet,39.0,4.7619047619,1.95,
INV-01004,C,Naypyitaw,Member,Male,Home and lifestyle,27.36,2,2.736,57.455999999999996,2023-03-18,16:50,Cash,54.72,4.7619047619,2.736,5.3
INV-01345,C,Naypyitaw,Member,Male,Food and beverages,70.12,8,28.048,589.008,2023-02-08,17:00,Cash,560.96,4.7619047619,28.048,6.6
INV-00264,B,Mandalay,Normal,female,Sports and travel,13.78,4,2.756,57.876,2023/12/11,18:23,Credit card,55.12,4.7619047619,2.756,
INV-01224,C,Naypyitaw,Member,Male,Fashion accessories,42.37,10,21.185,444.885,2023-12-27,15:23,Cash,423.7,4.7619047619,21.185,7.3
INV-01416,C,Naypyitaw,Member,Male,Electronic accessories,45.59,8,18.236,382.956,2023-04-22,13:52,Cash,364.72,4.7619047619,18.236,7.5
INV-00444,B, Mandalay ,Normal,Male,Fashion accessories,79.2,8,31.68,665.28,2023-01-22,19:21,Cash,633.6,4.7619047619,31.68,9.2
INV-01003,C,Naypyitaw,Member,Female,Home and lifestyle,72.66,8,29.064,610.3439999999999,2023-11-28,20:09,Cash,581.28,4.7619047619,29.064,4.5
INV-01078,B,Mandalay,Member,Female,Health and beauty,45.39,1,2.2695,47.6595,2023-03-01,19:24,Credit card,45.39,4.7619047619,2.2695,7.1
INV-00838,B,Mandalay,Normal,Male,Health and beauty,77.11,2,7.711,161.931,2023-05-24,12:46,Ewallet,154.22,4.7619047619,7.711,4.9
INV-01386,B,Mandalay,Member,Male,Health and beauty,39.07,1,1.9535,41.0235,2023-03-01,13:08,Ewallet,39.07,4.7619047619,1.9535,9.3
INV-00305,C,Naypyitaw,Normal,F,Fashion accessories,65.61,5,16.4025,344.4525,2023-08-21,20:24,Credit card,328.05,4.7619047619,16.4025,
INV-01214,C, Naypyitaw ,Member,Male,Health and beauty,33.08,5,8.27,173.67,2023-02-05,18:43,Credit card,165.39999999999998,4.7619047619,8.27,
INV-00314,C,Naypyitaw,Member,Female,Health and beauty,20.48,1,1.024,21.504,2023-06-01,10:22,Credit card,20.48,4.7619047619,1.024,9.5
INV-00150,A,Yangon,Member,female,Sports and travel,84.68,10,42.34,889.1400000000001,2023-01-06,20:39,Ewallet,846.8000000000001,4.7619047619,42.34,
INV-01149,C,Naypyitaw,Normal,Female,Electronic accessories,98.72,4,19.744,414.624,2023-10-24,18:10,Cash,394.88,4.7619047619,19.744,7.1
INV-00575,C,Naypyitaw,Member,Male,Electronic accessories,38.19,4,7.638,160.398,2023-12-04,13:19,Ewallet,152.76,4.7619047619,7.638,8.8
INV-00051,C, Naypyitaw ,Normal,Female,Food and beverages,90.06,4,18.012,378.252,2023-10-02,11:48,Ewallet,360.24,4.7619047619,18.012,7.8
INV-01211,B,Mandalay,Member,Female,Fashion accessories,16.97,3,2.5455,53.455499999999994,2023-10-05,13:30,Cash,50.91,4.7619047619,2.5455,4.8
INV-00727,A,Yangon,Normal,Male,Sports and travel,66.22,1,3.311,69.531,2023-05-23,20:55,Ewallet,66.22,4.7619047619,3.311,9.9
INV-00834,A,Yangon,Normal,Female,Health and beauty,66.57,8,26.628,559.188,2023-04-19,14:48,Credit card,532.56,4.7619047619,26.628,6.7
INV-01116,B,Mandalay,Member,Female,Sports and travel,72.54,1,3.627,76.167,2023-04-26,19:01,Cash,72.54,4.7619047619,3.627,8.6
INV-01167,C, Naypyitaw ,Normal,M,Home and lifestyle,18.93,5,4.7325,99.38250000000001,2023-07-16,16:24,Ewallet,94.65,4.7619047619,4.7325,
INV-00471,A,Yangon,Normal,female,Home and lifestyle,77.03,10,38.515,808.8149999999999,2023-12-26,15:15,Credit card,770.3,4.7619047619,38.515,5.1
INV-00972,C,Naypyitaw,Normal,F,Health and beauty,94.31,8,37.724,792.2040000000001,2023-05-03,11:08,Credit card,754.48,4.7619047619,37.724,7.2
INV-00654,C,Naypyitaw,Member,M,Sports and travel,37.57,8,15.028,315.588,2023-10-04,13:00,Cash,300.56,4.7619047619,15.028,6.8
INV-00400,C,Naypyitaw,Normal,Male,Electronic accessories,13.73,1,0.6865,14.416500000000001,2023-10-11,15:32,Cash,13.73,4.7619047619,0.6865,8.1
INV-00512,B,Mandalay,Member,Female,Sports and travel,44.63,6,13.389,281.16900000000004,2023-09-19,12:06,Cash,267.78000000000003,4.7619047619,13.389,8.1
INV-00321,B,Mandalay,Normal,Female,Fashion accessories,27.72,2,2.772,58.211999999999996,2023-01-30,17:02,Ewallet,55.44,4.7619047619,2.772,6.2
INV-00020,A,Yangon,Member,female,,67.41,6,20.223,424.683,2023/11/05,13:26,Credit card,404.46,4.7619047619,20.223,4.3
INV-00685,C,Naypyitaw,Normal,Female,Home and lifestyle,46.96,9,21.132,443.772,2023-08-03,15:04,Ewallet,422.64,4.7619047619,21.132,
INV-00036,C,Naypyitaw,Member,Male,Fashion accessories,32.82,6,9.846,206.76600000000002,2023-06-24,18:35,Ewallet,196.92000000000002,4.7619047619,9.846,7.3
INV-00903,A,Yangon,Normal,Female,Fashion accessories,14.91,6,4.473,93.933,2023-04-02,13:37,Cash,89.46000000000001,4.7619047619,4.473,8.6
INV-00828,B, Mandalay ,Member,Male,Sports and travel,84.62,3,12.693,266.553,2023-06-22,12:12,Credit card,253.86,4.7619047619,12.693,8.3
INV-01486,B,Mandalay,Member,Male,Food and beverages,68.72,10,34.36,721.5600000000001,2023-08-20,10:21,Credit card,687.2,4.7619047619,34.36,5.6
INV-00408,A,yangon,Normal,Male,Fashion accessories,65.58,2,6.558,137.718,2023-12-18,18:08,Credit card,131.16,4.7619047619,6.558,7.5
INV-00921,C,Naypyitaw,Member,Male,Sports and travel,81.67,7,28.5845,600.2745000000001,2023-05-26,15:01,Ewallet,571.69,4.7619047619,28.5845,6.4
INV-00538,A,Yangon,Member,Female,Home and lifestyle,11.71,6,3.513,73.77300000000001,2023-06-08,11:26,Ewallet,70.26,4.7619047619,3.513,4.6
INV-00759,C,Naypyitaw,Member,Male,Home and lifestyle,58.38,8,23.352,490.392,2023-11-07,20:52,Cash,467.04,4.7619047619,23.352,6.5
INV-01063,C,Naypyitaw,Normal,male,Sports and travel,20.28,10,10.14,212.94,2023-03-24,19:56,Ewallet,202.8,4.7619047619,10.14,4.6
INV-01200,A,Yangon,Member,F,Fashion accessories,36.03,6,10.809,226.989,2023-12-21,12:55,Credit card,216.18,4.7619047619,10.809,8.9
INV-00246,C, Naypyitaw ,Normal,Male,Electronic accessories,45.73,3,6.8595,144.0495,2023-10-04,13:51,Credit card,137.19,4.7619047619,6.8595,8.9
INV-01128,B,Mandalay,Member,female,Electronic accessories,34.44,1,1.722,36.162,2023-09-05,10:48,Ewallet,34.44,4.7619047619,1.722,9.1
INV-00785,A,Yangon,Normal,M,Electronic accessories,20.68,10,10.34,217.14000000000001,2023-01-22,12:24,Ewallet,206.8,4.7619047619,10.34,4.1
INV-00490,C,Naypyitaw,Normal,Female,Health and beauty,61.65,7,21.5775,453.1275,2023-05-23,13:37,Cash,431.55,4.7619047619,21.5775,7.8
INV-00155,C,Naypyitaw,Member,Female,Fashion accessories,90.22,5,22.555,473.65500000000003,2023-05-17,17:40,Cash,451.1,4.7619047619,22.555,
INV-00962,B,Mandalay,Normal,Female,Fashion accessories,44.89,8,17.956,377.076,2023-01-31,14:31,Credit card,359.12,4.7619047619,17.956,6.6
INV-00854,C,Naypyitaw,Member,male,Electronic accessories,60.8,8,24.32,510.71999999999997,2023-11-27,17:23,Ewallet,486.4,4.7619047619,24.32,6.8
INV-00626,B,Mandalay,Normal,F,Home and lifestyle,68.22,9,30.699,644.679,2023-10-14,10:00,Credit card,613.98,4.7619047619,30.699,6.9
INV-00686,B,Mandalay,Normal,Female,Home and lifestyle,83.59,1,4.1795,87.76950000000001,2023-10-03,19:07,Credit card,83.59,4.7619047619,4.1795,4.9
INV-00570,B,Mandalay,Normal,Female,Fashion accessories,66.88,7,23.408,491.568,2023-12-12,20:41,Cash,468.15999999999997,4.7619047619,23.408,
INV-01473,C,Naypyitaw,Member,Male,Health and beauty,10.19,6,3.057,64.197,2023-05-16,15:51,Cash,61.14,4.7619047619,3.057,7.6
INV-00018,B,Mandalay,Member,female,Food and beverages,78.55,1,3.9275,82.47749999999999,2023-04-30,13:27,Cash,78.55,4.7619047619,3.9275,7.9
INV-00128,C,Naypyitaw,Normal,female,Home and lifestyle,35.94,9,16.173,339.633,2023-07-05,14:47,Cash,323.46,4.7619047619,16.173,4.6
INV-01465,C,Naypyitaw,Normal,,Food and beverages,14.73,1,0.7365,15.4665,2023-03-09,13:42,Ewallet,14.73,4.7619047619,0.7365,7.3
INV-00928,B,Mandalay,Member,female,Health and beauty,13.7,2,1.37,28.77,2023-05-10,20:24,Ewallet,27.4,4.7619047619,1.37,10.0
INV-00981,B,Mandalay,Normal,Male,Sports and travel,59.99,7,20.9965,440.92650000000003,2023-11-01,13:30,Ewallet,419.93,4.7619047619,20.9965,
INV-01296,A,yangon,Normal,female,Electronic accessories,90.14,1,4.507,94.647,2023-01-05,14:42,Cash,90.14,4.7619047619,4.507,8.5
INV-00191,A,Yangon,Normal,M,Food and beverages,52.67,1,2.6335,55.3035,2023-10-18,18:43,Cash,52.67,4.7619047619,2.6335,7.3
INV-01140,B,Mandalay,Normal,female,Sports and travel,94.98,6,28.494,598.374,2023-05-22,15:55,Ewallet,569.88,4.7619047619,28.494,9.3
INV-00993,A,Yangon,Normal,Male,Fashion accessories,22.65,2,2.265,47.565,2023-04-30,12:43,Cash,45.3,4.7619047619,2.265,8.3
INV-00182,A,Yangon,Member,Male,Electronic accessories,59.59,7,20.8565,437.9865,2023-06-15,19:10,Ewallet,417.13,4.7619047619,20.8565,5.2
INV-01294,B,Mandalay,Member,Male,Health and beauty,14.55,9,6.5475,137.49750000000003,2023-07-22,17:39,Ewallet,130.95000000000002,4.7619047619,6.5475,7.9
INV-00607,A,Yangon,Normal,male,Health and beauty,70.24,5,17.56,368.76,2023/12/02,12:00,Ewallet,351.2,4.7619047619,17.56,8.2
INV-00181,B,Mandalay,Member,F,Electronic accessories,30.34,2,3.034,63.714,2023-11-03,18:33,Credit card,60.68,4.7619047619,3.034,9.8
INV-00302,B,mandalay,Normal,Male,Fashion accessories,90.56,7,31.696,665.6160000000001,2023-01-02,18:35,Cash,633.9200000000001,4.7619047619,31.696,8.7
INV-00497,B,Mandalay,Normal,Female,Health and beauty,67.79,5,16.9475,355.89750000000004,2023-06-19,11:27,Credit card,338.95000000000005,4.7619047619,16.9475,4.9
INV-01335,C, Naypyitaw ,Normal,Male,Home and lifestyle,18.73,7,6.5555,137.6655,2023-09-29,15:07,Credit card,131.11,4.7619047619,6.5555,8.0
INV-01299,B,Mandalay,Member,Male,Electronic accessories,39.19,6,11.757,246.897,2023-01-26,10:45,Credit card,235.14,4.7619047619,11.757,7.3
INV-01279,A,Yangon,Member,Female,Food and beverages,36.12,7,12.642,265.48199999999997,2023-06-04,18:39,Cash,252.83999999999997,4.7619047619,12.642,4.1
INV-00518,C, Naypyitaw ,Member,,Health and beauty,25.96,7,9.086,190.806,2023-01-23,16:32,Credit card,181.72,4.7619047619,9.086,9.6
INV-01070,A,Yangon,Normal,Male,Sports and travel,46.21,-1,16.1735,339.6435,2023-07-25,11:51,Cash,323.47,4.7619047619,16.1735,
INV-00477,A,Yangon,Member,Male,Sports and travel,38.56,1,1.928,40.488,2023-04-13,19:26,Ewallet,38.56,4.7619047619,1.928,4.8
INV-00158,C,Naypyitaw,Member,Female,Electronic accessories,52.88,10,26.44,555.2400000000001,2023-02-27,10:22,Credit card,528.8000000000001,4.7619047619,26.44,4.4
INV-01196,C,Naypyitaw,Normal,Male,Health and beauty,31.83,4,6.366,133.68599999999998,2023-08-29,17:00,Cash,127.32,4.7619047619,6.366,
INV-00017,B,Mandalay,Member,Female,Home and lifestyle,41.66,7,14.581,306.201,2023-04-22,18:46,Cash,291.62,4.7619047619,14.581,8.5
INV-01073,A,Yangon,Member,,Home and lifestyle,74.72,8,29.888,627.648,2023-08-21,13:29,Credit card,597.76,4.7619047619,29.888,6.0
INV-01400,C,Naypyitaw,Member,Male,Health and beauty,10.61,3,1.5915,33.421499999999995,2023-12-10,13:53,Credit card,31.83,4.7619047619,1.5915,6.0
INV-00547,A,Yangon,Member,Female,Electronic accessories,541.015658797231,2,9.129,2472.00145663268,2023-04-09,18:40,Cash,182.58,4.7619047619,9.129,6.7
INV-00659,B, Mandalay ,Normal,Male,Electronic accessories,30.98,4,6.196,130.116,2023-07-16,19:00,Cash,123.92,4.7619047619,6.196,6.8
INV-01350,A,Yangon,Member,Female,Health and beauty,90.62,2,9.062,190.30200000000002,2023-07-23,17:23,Cash,181.24,4.7619047619,9.062,6.7
INV-01020,A,Yangon,Normal,Female,Health and beauty,74.9,9,33.705,707.8050000000001,2023-07-26,19:41,Credit card,674.1,4.7619047619,33.705,5.6
INV-01300,C,Naypyitaw,Normal,M,Food and beverages,95.69,2,9.569,200.94899999999998,2023-11-07,12:44,Cash,191.38,4.7619047619,9.569,4.1
INV-00960,C,Naypyitaw,Normal,Male,Food and beverages,42.22,2,4.222,88.66199999999999,2023-10-19,12:08,Credit card,84.44,4.7619047619,4.222,7.2
INV-01456,C,naypyitaw,Member,Female,,254.29597795958125,4,5.168,996.1156326997603,2023-05-22,14:11,Credit card,103.36,4.7619047619,5.168,
INV-00284,A,Yangon,Normal,,Sports and travel,28.07,1,1.4035,29.4735,2023-08-15,10:15,Cash,28.07,4.7619047619,1.4035,6.5
INV-00798,B,Mandalay,Normal,Male,Sports and travel,98.27,8,39.308,825.468,2023-02-24,20:35,Credit card,786.16,4.7619047619,39.308,9.6
INV-00226,A,yangon,Normal,Male,Health and beauty,81.1,2,8.11,170.31,2023-10-11,12:10,Cash,162.2,4.7619047619,8.11,
INV-00027,A,Yangon,Member,Male,Fashion accessories,55.06,5,13.765,289.065,2023-08-03,15:09,Credit card,275.3,4.7619047619,13.765,6.2
INV-00438,C,naypyitaw,Member,Male,Electronic accessories,51.37,5,12.8425,269.69249999999994,2023-07-09,18:05,Ewallet,256.84999999999997,4.7619047619,12.8425,4.7
INV-00775,C,Naypyitaw,Member,Female,,70.66,5,17.665,370.965,2023-12-20,12:19,Credit card,353.29999999999995,4.7619047619,17.665,6.0
INV-00230,B,Mandalay,Normal,Male,Health and beauty,83.42,3,12.513,262.77299999999997,2023-01-04,17:02,Cash,250.26,4.7619047619,12.513,4.0
INV-00038,A,Yangon,Normal,male,Home and lifestyle,54.3,7,19.005,399.10499999999996,2023-03-21,11:26,Cash,380.09999999999997,4.7619047619,19.005,4.0
INV-00750,B,Mandalay,Normal,female,Sports and travel,39.33,6,11.799,247.779,2023-12-09,10:15,Ewallet,235.98,4.7619047619,11.799,9.8
INV-01046,B,Mandalay,Member,Female,Home and lifestyle,38.44,4,7.688,161.44799999999998,2023-09-23,17:20,Credit card,153.76,4.7619047619,7.688,5.1
INV-00470,C,Naypyitaw,Member,Female,Home and lifestyle,39.75,6,11.925,250.425,2023-03-23,18:06,Ewallet,238.5,4.7619047619,11.925,8.8
INV-01322,A,Yangon,Member,Female,Sports and travel,61.32,6,18.396,386.31600000000003,2023-01-18,11:14,Cash,367.92,4.7619047619,18.396,5.8
INV-01280,B,Mandalay,Member,Male,Fashion accessories,60.57,9,27.2565,572.3865,2023-04-12,12:17,Ewallet,545.13,4.7619047619,27.2565,7.3
INV-00688,A,Yangon,Normal,Female,Electronic accessories,86.79,4,17.358,364.51800000000003,2023-11-05,18:57,Cash,347.16,4.7619047619,17.358,6.4
INV-01425,C,Naypyitaw,Normal,Female,Sports and travel,53.52,6,16.056,337.176,2023-11-27,12:05,Ewallet,321.12,4.7619047619,16.056,8.3
INV-00640,B,Mandalay,Member,Female,Fashion accessories,37.71,8,15.084,316.764,2023-11-23,12:00,Credit card,301.68,4.7619047619,15.084,4.4
INV-01411,A,Yangon,Normal,Male,Home and lifestyle,54.64,4,10.928,229.488,2023-07-28,11:29,Credit card,218.56,4.7619047619,10.928,9.2
INV-01219,B,Mandalay,Normal,M,Fashion accessories,77.53,2,7.753,162.813,2023-04-27,16:44,Ewallet,155.06,4.7619047619,7.753,8.5
INV-01159,C,Naypyitaw,Normal,male,Food and beverages,67.11,9,30.1995,634.1895,2023-10-06,12:15,Ewallet,603.99,4.7619047619,30.1995,9.3
INV-01293,B,Mandalay,Normal,Male,Home and lifestyle,93.79,7,32.8265,689.3565000000001,2023-12-04,16:07,Ewallet,656.5300000000001,4.7619047619,32.8265,8.3
INV-01410,C,Naypyitaw,Normal,M,Health and beauty,44.28,4,8.856,185.976,2023-11-12,18:15,Ewallet,177.12,4.7619047619,8.856,7.1
INV-00801,C,Naypyitaw,Normal,Female,Food and beverages,89.06,7,31.171,654.5910000000001,2023-11-22,15:19,Cash,623.4200000000001,4.7619047619,31.171,8.6
INV-00161,B, Mandalay ,Normal,,Fashion accessories,87.36,10,43.68,917.28,2023-03-22,17:02,Credit card,873.6,4.7619047619,43.68,7.7
INV-00957,B,Mandalay,Member,Female,Fashion accessories,48.59,2,4.859,102.039,2023-10-29,13:36,Credit card,97.18,4.7619047619,4.859,6.6
INV-01187,B,Mandalay,Normal,Male,Electronic accessories,67.63,4,13.526,284.046,2023-02-21,12:36,Ewallet,270.52,4.7619047619,13.526,4.8
INV-00822,A,Yangon,Normal,Female,Fashion accessories,76.12,5,19.03,399.63,2023-05-05,10:36,Ewallet,380.6,4.7619047619,19.03,4.0
INV-01314,C, Naypyitaw ,Normal,Female,Fashion accessories,74.16,5,18.54,389.34,2023-03-12,17:32,Ewallet,370.79999999999995,4.7619047619,18.54,4.6
INV-00878,B,Mandalay,Member,Male,,30.84,2,3.084,64.764,2023-08-21,13:19,Cash,61.68,4.7619047619,3.084,7.9
INV-00914,B,Mandalay,Member,Male,Fashion accessories,27.13,4,5.426,113.946,2023-12-24,15:03,Ewallet,108.52,4.7619047619,5.426,7.1
INV-00153,A,Yangon,Normal,Female,Fashion accessories,17.89,8,7.156,150.276,2023-12-16,12:28,Cash,143.12,4.7619047619,7.156,
INV-01420,C, Naypyitaw ,Member,Male,Home and lifestyle,37.87,9,17.0415,357.87149999999997,2023-07-05,19:37,Credit card,340.83,4.7619047619,17.0415,4.8
INV-00510,C,Naypyitaw,Member,Male,Food and beverages,26.31,10,13.155,276.25499999999994,2023-08-12,19:43,Cash,263.09999999999997,4.7619047619,13.155,6.3
INV-01136,A,Yangon,Member,Male,Food and beverages,23.94,10,11.97,251.37,2023-11-03,11:28,Cash,239.4,4.7619047619,11.97,4.5
INV-01251,C,Naypyitaw,Member,female,Fashion accessories,56.19,10,28.095,589.995,2023-12-16,14:13,Ewallet,561.9,4.7619047619,28.095,7.9
INV-01301,A,Yangon,Normal,,Health and beauty,84.13,10,42.065,883.365,2023-09-12,10:10,Cash,841.3,4.7619047619,42.065,8.2
INV-00104,B,mandalay,Normal,Female,Food and beverages,37.71,5,9.4275,197.97750000000002,2023-06-11,12:24,Cash,188.55,4.7619047619,9.4275,4.1
INV-00587,A,Yangon,Member,Female,Food and beverages,69.19,1,3.4595,72.6495,2023-04-26,12:18,Cash,69.19,4.7619047619,3.4595,4.6
INV-01378,B, Mandalay ,Normal,,Health and beauty,62.31,4,12.462,261.702,2023-11-28,20:08,Credit card,249.24,4.7619047619,12.462,
INV-01144,B,Mandalay,Member,male,Food and beverages,49.85,5,12.4625,261.7125,2023-05-17,13:52,Credit card,249.25,4.7619047619,12.4625,6.3
INV-00054,C,Naypyitaw,Normal,Male,,10.49,10,5.245,110.14500000000001,2023-02-10,16:54,Ewallet,104.9,4.7619047619,5.245,
INV-00152,A,Yangon,Normal,Female,Food and beverages,46.43,1,2.3215,48.7515,2023-02-28,20:20,Ewallet,46.43,4.7619047619,2.3215,7.6
INV-00404,C,Naypyitaw,Normal,Male,Health and beauty,20.33,2,2.033,42.693,2023-11-06,17:01,Ewallet,40.66,4.7619047619,2.033,4.3
INV-01265,A,Yangon,Member,Female,Electronic accessories,41.67,7,14.5845,306.2745,2023-05-28,15:34,Ewallet,291.69,4.7619047619,14.5845,7.5
INV-00208,B,Mandalay,Member,M,Sports and travel,99.69,8,39.876,837.396,2023-10-04,20:58,Credit card,797.52,4.7619047619,39.876,8.8
INV-01464,B,Mandalay,Member,Female,Home and lifestyle,86.66,1,4.333,90.993,2023-01-14,12:06,Ewallet,86.66,4.7619047619,4.333,6.5
INV-01123,C,Naypyitaw,Normal,Male,Health and beauty,82.18,5,20.545,431.44500000000005,2023-05-30,18:07,Credit card,410.90000000000003,4.7619047619,20.545,
INV-01362,A,Yangon,Member,female,Health and beauty,22.92,3,3.438,72.19800000000001,2023-12-11,14:06,Credit card,68.76,4.7619047619,3.438,6.4
INV-00009,B,Mandalay,Normal,Female,Electronic accessories,17.38,6,5.214,109.494,2023-12-13,18:45,Ewallet,104.28,4.7619047619,5.214,7.6
INV-01015,C,Naypyitaw,Member,Male,Fashion accessories,74.06,5,18.515,388.815,2023-03-05,11:06,Ewallet,370.3,4.7619047619,18.515,7.4
INV-01390,B,Mandalay,Normal,,Sports and travel,34.01,9,15.3045,321.3945,2023-06-05,17:20,Cash,306.09,4.7619047619,15.3045,
INV-01061,C,Naypyitaw,Normal,Male,Fashion accessories,51.11,7,17.8885,375.6585,2023/12/10,16:25,Credit card,357.77,4.7619047619,17.8885,7.0
INV-00453,B, Mandalay ,Normal,,Health and beauty,37.25,1,1.8625,39.1125,2023-02-22,20:34,Ewallet,37.25,4.7619047619,1.8625,9.8
INV-00254,B,Mandalay,Member,female,Home and lifestyle,57.27,1,2.8635,60.133500000000005,2023-04-08,11:48,Cash,57.27,4.7619047619,2.8635,6.2
INV-00897,A,Yangon,Member,Female,Electronic accessories,90.12,7,31.542,662.3820000000001,2023-05-25,11:43,Ewallet,630.84,4.7619047619,31.542,8.6
INV-01352,B,Mandalay,Member,Male,Fashion accessories,31.57,10,15.785,331.485,2023-07-07,13:46,Credit card,315.7,4.7619047619,15.785,4.6
INV-00881,A, Yangon ,Normal,Male,Fashion accessories,32.1,10,16.05,337.05,2023-05-09,20:48,Ewallet,321.0,4.7619047619,16.05,7.3
INV-01461,B,Mandalay,Normal,Male,Sports and travel,83.45,6,25.035,525.735,2023-03-31,17:33,Credit card,500.70000000000005,4.7619047619,25.035,6.5
INV-00624,B,Mandalay,Normal,,Food and beverages,63.81,3,9.5715,201.00150000000002,2023-12-08,17:11,Credit card,191.43,4.7619047619,9.5715,6.5
INV-00346,B,Mandalay,Normal,Male,Fashion accessories,66.28,7,23.198,487.158,2023-08-03,14:20,Ewallet,463.96000000000004,4.7619047619,23.198,6.1
INV-01330,B,Mandalay,Normal,M,Food and beverages,29.18,5,7.295,153.195,2023-03-31,20:26,Credit card,145.9,4.7619047619,7.295,5.5
INV-00263,A,Yangon,Member,Female,Sports and travel,29.34,4,5.868,123.228,2023-01-28,10:25,Ewallet,117.36,4.7619047619,5.868,8.4
INV-00151,C,naypyitaw,Member,M,Health and beauty,97.91,3,14.6865,308.41650000000004,2023-12-15,15:55,Cash,293.73,4.7619047619,14.6865,6.7
INV-00473,A,Yangon,Normal,Female,Fashion accessories,27.62,2,2.762,58.002,2023-07-15,14:28,Ewallet,55.24,4.7619047619,2.762,6.3
INV-00641,A,Yangon,Normal,Female,Electronic accessories,52.95,6,15.885,333.58500000000004,2023-05-22,15:50,Cash,317.70000000000005,4.7619047619,15.885,9.0
INV-00232,B,Mandalay,Normal,Male,Food and beverages,16.91,1,0.8455,17.7555,2023-12-29,20:46,Cash,16.91,4.7619047619,0.8455,
INV-01457,B,Mandalay,Member,F,Food and beverages,87.96,7,30.786,646.5059999999999,2023-03-16,10:20,Ewallet,615.7199999999999,4.7619047619,30.786,5.2
INV-00551,B, Mandalay ,Member,female,Home and lifestyle,42.09,10,21.045,441.94500000000005,2023-12-13,10:36,Cash,420.90000000000003,4.7619047619,21.045,7.3
INV-00929,B,Mandalay,Member,Female,Sports and travel,77.03,9,34.6635,727.9335,2023/09/02,11:49,Cash,693.27,4.7619047619,34.6635,4.6
INV-00489,C,Naypyitaw,Normal,Male,Health and beauty,21.57,7,7.5495,158.5395,2023-02-05,17:15,Ewallet,150.99,4.7619047619,7.5495,5.8
INV-01403,A, Yangon ,Normal,Female,Sports and travel,80.14,4,16.028,336.588,2023-08-03,13:22,Ewallet,320.56,4.7619047619,16.028,
INV-01172,C,Naypyitaw,Member,Female,Fashion accessories,93.13,1,4.6565,97.78649999999999,2023-08-31,14:44,Cash,93.13,4.7619047619,4.6565,5.3
INV-00147,B,Mandalay,Normal,Female,Home and lifestyle,53.2,9,23.94,502.74,2023-09-28,19:28,Ewallet,478.8,4.7619047619,23.94,6.5
INV-00403,B,Mandalay,Normal,Female,Electronic accessories,96.68,4,19.336,406.05600000000004,2023-05-25,12:15,Cash,386.72,4.7619047619,19.336,8.4
INV-00955,B,Mandalay,Normal,Male,Electronic accessories,70.01,2,7.001,147.02100000000002,2023-08-15,11:46,Ewallet,140.02,4.7619047619,7.001,7.6
INV-00054,C,Naypyitaw,Normal,M,,10.49,10,5.245,110.14500000000001,2023-02-10,16:54,Ewallet,104.9,4.7619047619,5.245,
INV-00660,B,Mandalay,Member,Male,Electronic accessories,72.57,1,3.6285,76.1985,2023-12-22,14:41,Cash,72.57,4.7619047619,3.6285,
INV-00464,B,Mandalay,Normal,Female,Fashion accessories,112.02642882782013,1,0.811,233.95640966109423,2023-04-02,19:09,Credit card,16.22,4.7619047619,0.811,5.9
INV-00187,C,Naypyitaw,Member,male,Sports and travel,79.44,7,27.804,583.8839999999999,2023-06-07,19:03,Credit card,556.0799999999999,4.7619047619,27.804,4.2
INV-01148,B,Mandalay,Member,F,Home and lifestyle,40.77,10,20.385,428.08500000000004,2023-10-28,14:38,Ewallet,407.70000000000005,4.7619047619,20.385,
INV-01225,B,Mandalay,Normal,Male,Food and beverages,58.25,7,20.3875,428.1375,2023-02-21,14:08,Ewallet,407.75,4.7619047619,20.3875,9.9
INV-00609,B, Mandalay ,Member,F,Food and beverages,31.92,6,9.576,201.096,2023-01-03,12:26,Credit card,191.52,4.7619047619,9.576,
INV-00144,B,Mandalay,Member,male,Health and beauty,99.0,5,24.75,519.75,2023-07-15,20:31,Ewallet,495.0,4.7619047619,24.75,7.4
INV-00752,C,Naypyitaw,Member,Male,Fashion accessories,20.97,10,10.485,220.185,2023-10-16,17:14,Credit card,209.7,4.7619047619,10.485,6.7
INV-00982,C,Naypyitaw,Member,M,Health and beauty,62.55,3,9.3825,197.03249999999997,2023-08-29,15:11,Credit card,187.64999999999998,4.7619047619,9.3825,8.2
INV-00198,C,Naypyitaw,Member,Male,Fashion accessories,45.93,7,16.0755,337.58549999999997,2023-03-07,20:09,Ewallet,321.51,4.7619047619,16.0755,7.3
INV-00884,A,Yangon,Normal,Female,Health and beauty,20.03,8,8.012,168.252,2023-04-09,16:35,Ewallet,160.24,4.7619047619,8.012,6.7
INV-00280,C,Naypyitaw,Normal,Female,Food and beverages,57.13,5,14.2825,299.93250000000006,2023-05-23,19:33,Ewallet,285.65000000000003,4.7619047619,14.2825,7.6
INV-00294,B,Mandalay,Member,Male,Electronic accessories,39.31,4,7.862,165.102,2023-07-28,19:22,Credit card,157.24,4.7619047619,7.862,8.4
INV-01411,A,Yangon,Normal,Male,Home and lifestyle,54.64,4,10.928,229.488,2023-07-28,11:29,Credit card,218.56,4.7619047619,10.928,9.2
INV-00401,A,Yangon,Normal,Female,Health and beauty,97.1,10,48.55,1019.55,2023-03-21,13:07,Credit card,971.0,4.7619047619,48.55,8.0
INV-00123,B, Mandalay ,Normal,Male,Home and lifestyle,51.46,8,20.584,432.264,2023-05-15,16:54,Credit card,411.68,4.7619047619,20.584,9.1
INV-01208,B,Mandalay,Normal,Female,Fashion accessories,11.5,6,3.45,72.45,2023-06-12,13:27,Ewallet,69.0,4.7619047619,3.45,9.9
INV-00203,A,Yangon,Normal,Female,Fashion accessories,59.03,8,23.612,495.85200000000003,2023-05-16,11:19,Cash,472.24,4.7619047619,23.612,
INV-00836,B,Mandalay,Normal,Female,Food and beverages,50.53,1,2.5265,53.0565,2023-05-13,20:47,Cash,50.53,4.7619047619,2.5265,6.7
INV-00247,B,Mandalay,Normal,Female,Sports and travel,50.98,6,15.294,321.174,2023-03-09,19:08,Credit card,305.88,4.7619047619,15.294,
INV-01469,C,Naypyitaw,Member,Male,Home and lifestyle,51.22,8,20.488,430.248,2023-10-29,13:36,Cash,409.76,4.7619047619,20.488,7.0
INV-01455,A,Yangon,Member,Female,Sports and travel,30.33,5,7.5825,159.2325,2023-01-02,15:24,Ewallet,151.64999999999998,4.7619047619,7.5825,
INV-01154,B, Mandalay ,Member,Female,Home and lifestyle,44.39,5,11.0975,233.04749999999999,2023-10-03,20:52,Ewallet,221.95,4.7619047619,11.0975,9.5
INV-00385,C,naypyitaw,Member,Female,Home and lifestyle,75.59,9,34.0155,714.3255,2023-12-27,17:13,Credit card,680.3100000000001,4.7619047619,34.0155,7.4
INV-01366,A,Yangon,Member,Male,Health and beauty,86.03,8,34.412,722.652,2023-11-23,12:45,Ewallet,688.24,4.7619047619,34.412,8.9
INV-00855,A,Yangon,Normal,Male,Food and beverages,93.97,5,23.4925,493.34250000000003,2023-12-31,10:39,Credit card,469.85,4.7619047619,23.4925,9.3
INV-00220,C,Naypyitaw,Normal,Female,Electronic accessories,66.53,10,33.265,698.5649999999999,2023-05-07,11:32,Cash,665.3,4.7619047619,33.265,4.3
INV-00642,B,Mandalay,Member,Male,Health and beauty,81.38,1,4.069,85.449,2023-09-24,14:36,Cash,81.38,4.7619047619,4.069,4.8
INV-00002,C,Naypyitaw,Normal,Male,Health and beauty,81.15,4,16.23,340.83000000000004,2023-02-27,17:45,Credit card,324.6,4.7619047619,16.23,8.5
INV-00113,C,Naypyitaw,Normal,Male,Fashion accessories,21.5,8,8.6,180.6,2023-09-13,11:55,Cash,172.0,4.7619047619,8.6,5.0
INV-00699,A,Yangon,Normal,Female,Health and beauty,10.15,9,4.5675,95.9175,2023-12-14,10:29,Cash,91.35000000000001,4.7619047619,4.5675,9.1
INV-01478,C,naypyitaw,Normal,Female,Electronic accessories,59.22,1,2.961,62.181,2023-02-28,19:12,Ewallet,59.22,4.7619047619,2.961,8.6
INV-00952,B, Mandalay ,Member,Female,Food and beverages,58.21,6,17.463,366.723,2023-09-25,16:00,Credit card,349.26,4.7619047619,17.463,8.8
INV-01361,C,Naypyitaw,Normal,Male,,31.24,3,4.686,98.406,2023-12-11,20:24,Ewallet,93.72,4.7619047619,4.686,4.2
INV-01292,A,Yangon,Normal,Male,Fashion accessories,15.15,5,3.7875,79.5375,2023-01-12,13:05,Cash,75.75,4.7619047619,3.7875,6.0
INV-01400,C,Naypyitaw,Member,Male,Health and beauty,10.61,3,1.5915,33.421499999999995,2023-12-10,13:53,Credit card,31.83,4.7619047619,1.5915,6.0
INV-00442,C,Naypyitaw,Member,,Home and lifestyle,15.33,7,5.3655,112.6755,2023-08-09,12:42,Cash,107.31,4.7619047619,5.3655,4.8
INV-01137,C, Naypyitaw ,Normal,Female,Fashion accessories,43.57,4,8.714,182.994,2023-09-18,11:49,Credit card,174.28,4.7619047619,8.714,10.0
INV-01257,A,Yangon,Normal,Male,Sports and travel,43.83,7,15.3405,322.1505,2023-08-25,16:07,Credit card,306.81,4.7619047619,15.3405,6.3
INV-00664,A,Yangon,Member,,Sports and travel,97.98,10,48.99,1028.79,2023-02-02,17:19,Ewallet,979.8000000000001,4.7619047619,48.99,6.8
INV-01419,B,Mandalay,Member,Male,Sports and travel,47.57,7,16.6495,349.6395,2023-05-01,20:05,Cash,332.99,4.7619047619,16.6495,8.3
INV-01258,B,Mandalay,Normal,Female,Home and lifestyle,83.85,2,8.385,176.08499999999998,2023-11-23,13:31,Cash,167.7,4.7619047619,8.385,9.2
INV-01375,A,Yangon,Member,male,Sports and travel,44.99,10,22.495,472.39500000000004,2023-06-17,16:04,Cash,449.90000000000003,4.7619047619,22.495,5.2
INV-00318,A,Yangon,Normal,Female,Home and lifestyle,77.69,2,7.769,163.149,2023-10-05,17:40,Credit card,155.38,4.7619047619,7.769,4.6
INV-00649,C, Naypyitaw ,Member,Male,Food and beverages,93.0,10,46.5,976.5,2023-05-27,15:05,Cash,930.0,4.7619047619,46.5,6.6
INV-00710,B,Mandalay,Member,Male,Electronic accessories,75.96,9,34.182,717.822,2023-12-06,11:02,Cash,683.64,4.7619047619,34.182,8.7
INV-01283,B,Mandalay,Normal,Female,Sports and travel,61.16,6,18.348,385.308,2023-02-24,13:51,Ewallet,366.96,4.7619047619,18.348,8.4
INV-00973,C,Naypyitaw,Member,female,Sports and travel,56.41,5,14.1025,296.1525,2023-03-30,14:00,Ewallet,282.04999999999995,4.7619047619,14.1025,5.2
INV-00628,C,Naypyitaw,Member,Female,Home and lifestyle,67.45,3,10.1175,212.46750000000003,2023-06-12,19:06,Ewallet,202.35000000000002,4.7619047619,10.1175,4.2
INV-00633,B,Mandalay,Member,Female,Home and lifestyle,17.93,9,8.0685,169.4385,2023-10-08,12:54,Cash,161.37,4.7619047619,8.0685,8.5
INV-01307,C,Naypyitaw,Normal,Male,Electronic accessories,75.7,4,15.14,317.94,2023-11-22,11:49,Ewallet,302.8,4.7619047619,15.14,5.2
INV-01249,C,Naypyitaw,Member,Female,Health and beauty,65.36,7,22.876,480.39599999999996,2023-07-15,10:54,Ewallet,457.52,4.7619047619,22.876,
INV-00336,A,Yangon,Member,female,Food and beverages,11.29,6,3.387,71.127,2023-05-01,16:47,Cash,67.74,4.7619047619,3.387,7.0
INV-01255,B,Mandalay,Normal,Female,Home and lifestyle,10.86,1,0.543,11.402999999999999,2023-03-15,20:03,Ewallet,10.86,4.7619047619,0.543,5.9
INV-01372,A,Yangon,Normal,Female,Sports and travel,50.51,9,22.7295,477.31949999999995,2023-01-13,11:37,Credit card,454.59,4.7619047619,22.7295,9.2
INV-01355,B,Mandalay,Member,Male,,56.25,1,2.8125,59.0625,2023-01-08,10:59,Cash,56.25,4.7619047619,2.8125,5.3
INV-01488,B,Mandalay,Normal,Female,Fashion accessories,50.16,4,10.032,210.672,2023-04-24,12:21,Ewallet,200.64,4.7619047619,10.032,4.2
INV-01430,C, Naypyitaw ,Member,Male,Home and lifestyle,74.38,6,22.314,468.594,2023-04-08,16:31,Cash,446.28,4.7619047619,22.314,6.0
INV-00796,C,Naypyitaw,Normal,female,Fashion accessories,11.29,8,4.516,94.836,2023-08-04,11:12,Cash,90.32,4.7619047619,4.516,4.0
INV-00646,C,Naypyitaw,Normal,Male,Home and lifestyle,46.2,4,9.24,194.04000000000002,2023-05-21,20:57,Ewallet,184.8,4.7619047619,9.24,8.5
INV-01013,C,Naypyitaw,Normal,Female,Fashion accessories,25.71,10,12.855,269.95500000000004,2023-05-28,18:38,Cash,257.1,4.7619047619,12.855,7.5
INV-00557,A,Yangon,Member,Male,Fashion accessories,65.83,3,9.8745,207.36450000000002,2023-10-08,18:49,Credit card,197.49,4.7619047619,9.8745,8.1
INV-00682,A,Yangon,Normal,Male,Fashion accessories,88.23,5,22.0575,463.20750000000004,2023-06-30,19:55,Ewallet,441.15000000000003,4.7619047619,22.0575,
INV-00578,C,Naypyitaw,Member,,Fashion accessories,10.61,2,1.061,22.281,2023-09-21,17:20,Credit card,21.22,4.7619047619,1.061,8.6
INV-01110,A,Yangon,Member,Female,Electronic accessories,19.21,8,7.684,161.364,2023-06-09,18:41,Cash,153.68,4.7619047619,7.684,6.6
INV-01267,B,Mandalay,Member,Male,Food and beverages,56.94,1,2.847,59.787,2023-10-07,17:49,Cash,56.94,4.7619047619,2.847,8.9
INV-01184,C,Naypyitaw,Member,Female,Electronic accessories,46.46,9,20.907,439.04699999999997,2023-06-19,14:20,Credit card,418.14,4.7619047619,20.907,7.9
INV-00525,C,Naypyitaw,Member,male,Food and beverages,64.44,5,16.11,338.31,2023-12-10,18:08,Credit card,322.2,4.7619047619,16.11,4.9
INV-01060,B,Mandalay,Member,male,Home and lifestyle,77.51,7,27.1285,569.6985000000001,2023-06-14,20:42,Ewallet,542.57,4.7619047619,27.1285,7.1
INV-00541,C,Naypyitaw,Normal,Female,Fashion accessories,21.96,10,10.98,230.58,2023-06-17,19:30,Cash,219.60000000000002,4.7619047619,10.98,7.3
INV-01195,A,Yangon,Member,Female,,22.0,1,1.1,23.1,2023-02-08,12:28,Credit card,22.0,4.7619047619,1.1,5.3
INV-00749,C, Naypyitaw ,Member,Female,,87.29,10,43.645,916.5450000000001,2023-08-31,19:43,Ewallet,872.9000000000001,4.7619047619,43.645,9.2
INV-01433,B,Mandalay,Member,F,Sports and travel,75.02,2,7.502,157.542,2023-02-16,12:22,Ewallet,150.04,4.7619047619,7.502,
INV-00485,B,Mandalay,Normal,Female,Fashion accessories,31.83,7,11.1405,233.9505,2023-04-09,17:56,Ewallet,222.81,4.7619047619,11.1405,5.2
INV-00096,B,Mandalay,Normal,Female,Fashion accessories,87.67,8,35.068,736.428,2023-12-19,19:03,Cash,701.36,4.7619047619,35.068,6.7
INV-01021,B,Mandalay,Normal,Male,Health and beauty,26.54,1,1.327,27.866999999999997,2023-05-20,20:41,Cash,26.54,4.7619047619,1.327,7.0
INV-00564,A,Yangon,Normal,Female,Health and beauty,23.67,5,5.9175,124.26750000000001,2023-11-07,17:33,Credit card,118.35000000000001,4.7619047619,5.9175,9.5
INV-01265,A,Yangon,Member,Female,Electronic accessories,41.67,7,14.5845,306.2745,2023-05-28,15:34,Ewallet,291.69,4.7619047619,14.5845,7.5
INV-00743,C,Naypyitaw,Member,male,Fashion accessories,80.43,1,4.0215,84.45150000000001,2023-04-13,20:26,Cash,80.43,4.7619047619,4.0215,
INV-00864,B,Mandalay,Normal,Female,Electronic accessories,56.56,1,2.828,59.388000000000005,2023-05-05,14:34,Cash,56.56,4.7619047619,2.828,6.3
INV-00892,C,Naypyitaw,Member,Female,Home and lifestyle,88.9,7,31.115,653.4150000000001,2023-09-05,18:58,Ewallet,622.3000000000001,4.7619047619,31.115,8.1
INV-01039,A,Yangon,Normal,M,Food and beverages,16.27,10,8.135,170.83499999999998,2023-01-11,12:22,Cash,162.7,4.7619047619,8.135,6.3
INV-00207,A, Yangon ,Member,Female,Home and lifestyle,91.7,4,18.34,385.14,2023-04-19,12:42,Credit card,366.8,4.7619047619,18.34,7.0
INV-00393,B,Mandalay,Normal,Female,Food and beverages,39.8,3,5.97,125.36999999999999,2023-06-03,15:42,Cash,119.39999999999999,4.7619047619,5.97,7.5
INV-00795,A,Yangon,Member,female,,435.4957419177835,3,8.283,2307.450949603642,2023-01-07,19:02,Credit card,165.66,4.7619047619,8.283,9.7
INV-00871,B,Mandalay,Normal,Female,Health and beauty,75.28,2,7.528,158.088,2023-09-29,13:39,Cash,150.56,4.7619047619,7.528,8.1
INV-00398,B,Mandalay,Member,Male,Food and beverages,12.0,6,3.6,75.6,2023-03-01,12:45,Cash,72.0,4.7619047619,3.6,5.3
INV-00767,C,Naypyitaw,Normal,Male,Fashion accessories,82.71,9,37.2195,781.6095,2023-06-09,12:40,Ewallet,744.39,4.7619047619,37.2195,4.7
INV-01423,A,Yangon,Member,male,Sports and travel,20.71,6,6.213,130.473,2023-07-08,11:12,Cash,124.26,4.7619047619,6.213,8.9
INV-01242,C,Naypyitaw,Member,Male,Sports and travel,15.6,10,7.8,163.8,2023-10-17,16:20,Credit card,156.0,4.7619047619,7.8,7.6
INV-01029,B,Mandalay,Normal,F,Home and lifestyle,75.52,3,11.328,237.888,2023-08-10,19:44,Credit card,226.56,4.7619047619,11.328,6.6
INV-00643,A,Yangon,Member,Male,Sports and travel,98.31,8,39.324,825.804,2023-09-06,20:48,Cash,786.48,4.7619047619,39.324,9.4
INV-00613,B,Mandalay,Member,Male,Sports and travel,10.46,2,1.046,21.966,2023-04-01,14:20,Credit card,20.92,4.7619047619,1.046,7.9
INV-00961,A,Yangon,Member,Male,Fashion accessories,40.03,7,14.0105,294.2205,2023-11-14,14:19,Ewallet,280.21000000000004,4.7619047619,14.0105,6.7
INV-00726,C,Naypyitaw,Normal,Female,Home and lifestyle,34.71,4,6.942,145.782,2023-07-14,18:08,Cash,138.84,4.7619047619,6.942,6.7
INV-00684,B, Mandalay ,Normal,Male,Fashion accessories,52.12,7,18.242,383.082,2023-07-19,17:33,Credit card,364.84,4.7619047619,18.242,7.7
INV-00099,A,Yangon,Normal,F,Home and lifestyle,99.23,5,24.8075,520.9575,2023-12-17,12:48,Cash,496.15000000000003,4.7619047619,24.8075,4.1
INV-00805,B,mandalay,Normal,F,Sports and travel,63.3,3,9.495,199.39499999999998,2023-08-11,17:58,Ewallet,189.89999999999998,4.7619047619,9.495,
INV-00407,B,Mandalay,Normal,M,Health and beauty,14.59,10,7.295,153.195,2023-04-15,17:51,Credit card,145.9,4.7619047619,7.295,6.7
INV-00503,B,Mandalay,Member,,Electronic accessories,66.43,2,6.643,139.50300000000001,2023-05-16,10:36,Credit card,132.86,4.7619047619,6.643,9.6
INV-01072,A,Yangon,Member,Female,Sports and travel,44.46,9,20.007,420.147,2023-01-19,15:20,Credit card,400.14,4.7619047619,20.007,5.4
INV-01057,C, Naypyitaw ,Normal,Male,Home and lifestyle,51.18,1,2.559,53.739,2023-06-28,17:14,Cash,51.18,4.7619047619,2.559,6.5
INV-00930,A,Yangon,Normal,Female,Sports and travel,50.14,10,25.07,526.47,2023-02-28,19:18,Ewallet,501.4,4.7619047619,25.07,5.4
INV-00780,B, Mandalay ,Normal,Male,Home and lifestyle,39.37,7,13.7795,289.36949999999996,2023-06-04,12:51,Ewallet,275.59,4.7619047619,13.7795,10.0
INV-00201,B,Mandalay,Member,Female,Home and lifestyle,23.85,10,11.925,250.425,2023-10-09,20:25,Credit card,238.5,4.7619047619,11.925,8.9
INV-00135,C, Naypyitaw ,Normal,Male,Electronic accessories,18.29,6,5.487,115.22699999999999,2023-02-26,15:22,Credit card,109.74,4.7619047619,5.487,7.4
INV-01052,B,Mandalay,Normal,Male,Health and beauty,39.21,4,7.842,164.68200000000002,2023-08-12,12:59,Cash,156.84,4.7619047619,7.842,6.3
INV-00041,A,Yangon,Member,Female,Sports and travel,80.28,10,40.14,842.9399999999999,2023-02-22,16:55,Ewallet,802.8,4.7619047619,40.14,4.8
INV-01018,B,Mandalay,Member,Female,Home and lifestyle,21.17,8,8.468,177.828,2023-06-05,12:41,Credit card,169.36,4.7619047619,8.468,5.9
INV-00231,C,Naypyitaw,Normal,Female,Fashion accessories,52.01,7,18.2035,382.2735,2023-02-06,16:23,Cash,364.07,4.7619047619,18.2035,5.5
INV-00379,C,Naypyitaw,Normal,Male,Electronic accessories,81.68,2,8.168,171.52800000000002,2023-05-06,11:01,Cash,163.36,4.7619047619,8.168,5.0
INV-00289,A,yangon,Normal,Female,Health and beauty,37.63,3,5.6445,118.53450000000001,2023-10-04,18:01,Cash,112.89000000000001,4.7619047619,5.6445,9.4
INV-00419,B,Mandalay,Normal,Male,Sports and travel,71.86,9,32.337,679.077,2023-01-23,20:33,Cash,646.74,4.7619047619,32.337,4.3
INV-00392,B,Mandalay,Member,Female,Health and beauty,14.99,3,2.2485,47.2185,2023-10-11,20:54,Credit card,44.97,4.7619047619,2.2485,7.7
INV-00593,A,Yangon,Member,Female,Food and beverages,83.12,3,12.468,261.82800000000003,2023-09-01,13:52,Ewallet,249.36,4.7619047619,12.468,6.5
INV-01163,B,Mandalay,Member,Male,Fashion accessories,26.82,8,10.728,225.288,2023-04-07,20:25,Ewallet,214.56,4.7619047619,10.728,7.9
INV-01087,B,Mandalay,Member,Male,Sports and travel,46.38,5,11.595,243.495,2023-04-07,11:43,Credit card,231.9,4.7619047619,11.595,5.6
INV-00648,B,Mandalay,Member,Male,Food and beverages,73.51,4,14.702,308.742,2023-02-09,16:32,Cash,294.04,4.7619047619,14.702,8.8
INV-01153,B,Mandalay,Member,Female,Health and beauty,10.79,9,4.8555,101.96549999999999,2023-08-17,18:57,Ewallet,97.10999999999999,4.7619047619,4.8555,7.5
INV-01368,C,Naypyitaw,Member,Female,Electronic accessories,73.63,5,18.4075,386.5575,2023-02-25,10:58,Credit card,368.15,4.7619047619,18.4075,4.2
INV-00521,B,Mandalay,Member,Male,Electronic accessories,74.34,5,18.585,390.285,2023-01-01,15:51,Cash,371.70000000000005,4.7619047619,18.585,5.5
INV-00065,A,Yangon,Normal,Female,Sports and travel,68.54,7,23.989,503.769,2023-12-05,10:11,Credit card,479.78000000000003,4.7619047619,23.989,8.0
INV-00015,A,Yangon,Normal,Male,Fashion accessories,20.56,10,10.28,215.88,2023-01-16,11:54,Ewallet,205.6,4.7619047619,10.28,5.7
INV-01181,C,Naypyitaw,Member,Female,Food and beverages,92.67,8,37.068,778.428,2023-03-06,18:25,Ewallet,741.36,4.7619047619,37.068,8.2
INV-01065,B,mandalay,Member,,Electronic accessories,84.52,8,33.808,709.968,2023-07-30,19:27,Cash,676.16,4.7619047619,33.808,4.6
INV-00493,A,Yangon,Normal,Female,Electronic accessories,74.3,9,33.435,702.135,2023-09-18,17:38,Credit card,668.6999999999999,4.7619047619,33.435,8.4
INV-00380,A,Yangon,Normal,Male,Electronic accessories,78.11,5,19.5275,410.0775,2023-07-09,12:31,Ewallet,390.55,4.7619047619,19.5275,9.8
INV-00188,B,Mandalay,Normal,Male,Health and beauty,68.67,8,27.468,576.828,2023-05-03,20:41,Cash,549.36,4.7619047619,27.468,9.6
INV-00764,C, Naypyitaw ,Normal,Male,Health and beauty,42.69,2,4.269,89.649,2023-02-25,16:19,Cash,85.38,4.7619047619,4.269,4.7
INV-00217,B,Mandalay,Member,Female,Fashion accessories,84.99,4,16.998,356.95799999999997,2023-09-22,13:08,Cash,339.96,4.7619047619,16.998,5.3
INV-00792,B,Mandalay,Normal,Female,Food and beverages,29.11,6,8.733,183.393,2023-09-17,13:03,Credit card,174.66,4.7619047619,8.733,4.5
INV-01077,B,Mandalay,Normal,male,Food and beverages,19.05,8,7.62,160.02,2023-06-15,20:20,Ewallet,152.4,4.7619047619,7.62,8.0
INV-00879,A,Yangon,Normal,Male,Electronic accessories,86.4,8,34.56,725.76,2023/05/19,20:52,Ewallet,691.2,4.7619047619,34.56,9.3
INV-00338,C,Naypyitaw,Normal,Male,Food and beverages,11.89,2,1.189,24.969,2023/03/03,16:21,Cash,23.78,4.7619047619,1.189,8.8
INV-00720,C,Naypyitaw,Normal,Female,,31.1,10,15.55,326.55,2023-07-14,20:26,Cash,311.0,4.7619047619,15.55,6.7
INV-00296,B,Mandalay,Normal,Female,Food and beverages,64.3,3,9.645,202.545,2023-09-04,16:11,Ewallet,192.89999999999998,4.7619047619,9.645,5.2
INV-01017,A,Yangon,Normal,Male,Food and beverages,62.44,6,18.732,393.37199999999996,2023-12-19,20:22,Ewallet,374.64,4.7619047619,18.732,9.0
INV-01276,A,Yangon,Member,Male,Fashion accessories,47.3,8,18.92,397.32,2023-12-20,16:27,Ewallet,378.4,4.7619047619,18.92,5.6
INV-00456,B,Mandalay,Normal,Male,Sports and travel,63.01,2,6.301,132.321,2023-07-28,13:51,Ewallet,126.02,4.7619047619,6.301,4.7
INV-01212,B,Mandalay,Normal,Male,Electronic accessories,35.41,3,5.3115,111.54149999999998,2023-01-19,11:08,Ewallet,106.22999999999999,4.7619047619,5.3115,5.9
INV-00816,B,Mandalay,Normal,Female,Fashion accessories,29.85,3,4.4775,94.02750000000002,2023-05-18,17:29,Ewallet,89.55000000000001,4.7619047619,4.4775,6.5
INV-00270,A,Yangon,Normal,Male,Health and beauty,57.7,9,25.965,545.2650000000001,2023-06-23,20:21,Cash,519.3000000000001,4.7619047619,25.965,
INV-00996,A,Yangon,Normal,male,Home and lifestyle,77.32,7,27.062,568.302,2023-10-29,13:28,Ewallet,541.24,4.7619047619,27.062,4.1
INV-00202,A, Yangon ,Member,Male,Electronic accessories,97.93,1,4.8965,102.82650000000001,2023-03-26,12:38,Ewallet,97.93,4.7619047619,4.8965,5.3
INV-00162,B,Mandalay,Member,Male,Electronic accessories,63.31,2,6.331,132.951,2023-08-21,10:23,Ewallet,126.62,4.7619047619,6.331,9.0
INV-00730,A,Yangon,Member,,Food and beverages,76.52,8,30.608,642.7679999999999,2023-02-11,16:33,Ewallet,612.16,4.7619047619,30.608,4.8
INV-00402,C,Naypyitaw,Normal,Male,Home and lifestyle,59.49,1,2.9745,62.4645,2023-05-20,13:50,Cash,59.49,4.7619047619,2.9745,
INV-00703,B, Mandalay ,Normal,Male,Home and lifestyle,87.59,3,13.1385,275.9085,2023-03-07,18:29,Ewallet,262.77,4.7619047619,13.1385,6.0
INV-01130,A,Yangon,Member,Female,Sports and travel,86.05,7,30.1175,632.4675,2023-05-05,13:27,Cash,602.35,4.7619047619,30.1175,7.9
INV-00566,B,Mandalay,Normal,Female,Food and beverages,14.9,1,0.745,15.645,2023-06-14,12:29,Credit card,14.9,4.7619047619,0.745,9.5
INV-01414,A,Yangon,Normal,,Food and beverages,98.78,9,44.451,933.471,2023-12-20,10:03,Ewallet,889.02,4.7619047619,44.451,9.6
INV-01022,A,Yangon,Member,Female,Home and lifestyle,39.55,4,7.91,166.10999999999999,2023-09-14,16:48,Cash,158.2,4.7619047619,7.91,8.5
INV-01026,B,Mandalay,Member,Male,Food and beverages,46.71,9,21.0195,441.4095,2023-02-11,14:14,Ewallet,420.39,4.7619047619,21.0195,
INV-01412,A,Yangon,Normal,Female,Electronic accessories,10.7,-1,0.535,11.235,2023-05-24,11:51,Credit card,10.7,4.7619047619,0.535,5.7
INV-01105,C,Naypyitaw,Member,Female,Sports and travel,24.81,1,1.2405,26.0505,2023-11-19,10:55,Credit card,24.81,4.7619047619,1.2405,8.0
INV-00206,A, Yangon ,Normal,Male,Fashion accessories,16.72,8,6.688,140.44799999999998,2023/08/05,15:52,Cash,133.76,4.7619047619,6.688,4.9
INV-00035,C,Naypyitaw,Normal,M,Home and lifestyle,57.12,5,14.28,299.87999999999994,2023-08-05,10:37,Ewallet,285.59999999999997,4.7619047619,14.28,9.9
INV-00776,A,Yangon,Normal,Male,Fashion accessories,85.99,3,12.8985,270.8685,2023-11-18,16:11,Credit card,257.96999999999997,4.7619047619,12.8985,9.8
INV-00509,C,Naypyitaw,Member,Female,Sports and travel,24.82,3,3.723,78.183,2023-06-10,18:17,Credit card,74.46000000000001,4.7619047619,3.723,5.2
INV-01452,B,Mandalay,Normal,Male,Fashion accessories,67.21,1,3.3605,70.5705,2023-06-18,18:50,Ewallet,67.21,4.7619047619,3.3605,8.0
INV-01479,C,Naypyitaw,Member,Female,Food and beverages,74.3,3,11.145,234.045,2023-02-02,17:34,Ewallet,222.89999999999998,4.7619047619,11.145,
INV-00103,B,Mandalay,Member,,Fashion accessories,64.49,7,22.5715,474.00149999999996,2023-01-17,16:11,Cash,451.42999999999995,4.7619047619,22.5715,9.5
INV-01391,A,Yangon,Normal,Female,Electronic accessories,20.76,8,8.304,174.38400000000001,2023-09-10,16:07,Credit card,166.08,4.7619047619,8.304,8.4
INV-00092,C,Naypyitaw,Normal,Male,Fashion accessories,59.2,5,14.8,310.8,2023-08-25,19:31,Ewallet,296.0,4.7619047619,14.8,6.0
INV-01364,B, Mandalay ,Member,Female,Health and beauty,26.39,3,3.9585,83.1285,2023-10-27,13:26,Ewallet,79.17,4.7619047619,3.9585,9.7
INV-00898,C,Naypyitaw,Member,Female,Fashion accessories,20.34,8,8.136,170.856,2023-02-21,14:57,Ewallet,162.72,4.7619047619,8.136,9.3
INV-00565,B,Mandalay,Member,Male,Fashion accessories,39.57,9,17.8065,373.9365,2023-12-02,16:20,Ewallet,356.13,4.7619047619,17.8065,8.8
INV-01370,A,Yangon,Normal,Female,Food and beverages,88.53,7,30.9855,650.6955,2023-04-30,18:26,Cash,619.71,4.7619047619,30.9855,7.5
INV-00777,A,Yangon,Member,Male,Food and beverages,92.42,1,4.621,97.041,2023-05-05,18:30,Cash,92.42,4.7619047619,4.621,9.4
INV-00242,C,Naypyitaw,Normal,female,Sports and travel,10.02,5,2.505,52.605,2023-05-23,14:49,Ewallet,50.099999999999994,4.7619047619,2.505,9.1
INV-00014,A,Yangon,Member,,Sports and travel,55.42,10,27.71,581.9100000000001,2023-01-17,16:06,Ewallet,554.2,4.7619047619,27.71,6.1
INV-00316,B,Mandalay,Member,F,Home and lifestyle,27.04,4,5.408,113.568,2023-01-30,20:11,Credit card,108.16,4.7619047619,5.408,8.3
INV-00601,A,Yangon,Member,Male,Food and beverages,289.8570732040727,7,12.1205,1563.4112317918882,2023-12-23,18:14,Cash,242.41000000000003,4.7619047619,12.1205,9.1
INV-00388,A, Yangon ,Member,M,Health and beauty,18.2,7,6.37,133.76999999999998,2023-12-01,11:08,Credit card,127.39999999999999,4.7619047619,6.37,8.4
INV-01298,A,Yangon,Normal,Male,Home and lifestyle,52.5,3,7.875,165.375,2023-12-18,12:07,Credit card,157.5,4.7619047619,7.875,7.8
INV-00167,B,Mandalay,Normal,Female,Health and beauty,20.76,7,7.266,152.586,2023-09-17,16:29,Cash,145.32000000000002,4.7619047619,7.266,
INV-00841,A,Yangon,Normal,Female,Health and beauty,93.17,3,13.9755,293.4855,2023-05-22,18:31,Credit card,279.51,4.7619047619,13.9755,4.1
INV-00021,B,Mandalay,Normal,Male,Health and beauty,98.67,3,14.8005,310.8105,2023-01-14,15:52,Credit card,296.01,4.7619047619,14.8005,4.2
INV-00647,B,Mandalay,Normal,Male,Home and lifestyle,52.19,2,5.219,109.59899999999999,2023-08-14,16:52,Ewallet,104.38,4.7619047619,5.219,7.7
INV-01155,B, Mandalay ,Member,Male,Food and beverages,37.16,6,11.148,234.10799999999998,2023-09-05,11:08,Credit card,222.95999999999998,4.7619047619,11.148,4.3
INV-00832,B,Mandalay,Normal,Male,Health and beauty,53.03,2,5.303,111.363,2023-04-04,18:41,Credit card,106.06,4.7619047619,5.303,9.7
INV-01268,B,Mandalay,Normal,Male,Food and beverages,21.22,5,5.305,111.405,2023-03-22,11:01,Credit card,106.1,4.7619047619,5.305,4.0
INV-00563,A,Yangon,Normal,Male,Food and beverages,23.62,7,8.267,173.607,2023-10-24,15:42,Credit card,165.34,4.7619047619,8.267,7.5
INV-01166,C,Naypyitaw,Member,Female,Health and beauty,83.18,7,29.113,611.373,2023-10-20,14:40,Ewallet,582.26,4.7619047619,29.113,9.5
INV-00687,B, Mandalay ,Member,male,Food and beverages,90.56,10,45.28,950.88,2023-10-07,10:53,Ewallet,905.6,4.7619047619,45.28,6.6
INV-00958,A,Yangon,Member,Female,Food and beverages,14.84,1,0.742,15.582,2023-08-08,18:10,Credit card,14.84,4.7619047619,0.742,5.7
INV-00190,A,Yangon,Normal,Female,Fashion accessories,97.79,1,4.8895,102.6795,2023-05-04,15:06,Cash,97.79,4.7619047619,4.8895,7.2
INV-00976,A,Yangon,Member,Male,Food and beverages,19.73,9,8.8785,186.4485,2023-03-22,15:28,Cash,177.57,4.7619047619,8.8785,6.6
INV-00700,B,Mandalay,Member,Female,Fashion accessories,43.88,1,2.194,46.074000000000005,2023-07-27,12:32,Cash,43.88,4.7619047619,2.194,5.5
INV-01500,C,Naypyitaw,Member,Female,Fashion accessories,54.96,1,2.748,57.708,2023-08-07,15:19,Cash,54.96,4.7619047619,2.748,8.2
INV-00511,B, Mandalay ,Normal,male,Home and lifestyle,81.16,8,32.464,681.7439999999999,2023-11-07,19:07,Cash,649.28,4.7619047619,32.464,5.9
INV-01083,B,Mandalay,Member,Female,Fashion accessories,41.52,7,14.532,305.172,2023-10-05,12:52,Ewallet,290.64000000000004,4.7619047619,14.532,4.8
INV-00475,B,Mandalay,Member,Female,Home and lifestyle,21.75,8,8.7,182.7,2023-08-29,11:03,Ewallet,174.0,4.7619047619,8.7,8.7
INV-00857,A,Yangon,Normal,F,Sports and travel,57.35,8,22.94,481.74,2023-08-18,19:58,Cash,458.8,4.7619047619,22.94,8.0
INV-00748,B,Mandalay,Normal,Female,Health and beauty,58.12,9,26.154,549.2339999999999,2023-03-06,10:28,Cash,523.0799999999999,4.7619047619,26.154,4.4
INV-00253,C, Naypyitaw ,Member,Male,Fashion accessories,33.62,3,5.043,105.90299999999999,2023-07-28,11:18,Cash,100.85999999999999,4.7619047619,5.043,7.5
INV-00022,A, Yangon ,Normal,Male,Fashion accessories,79.12,2,7.912,166.15200000000002,2023-10-15,17:25,Ewallet,158.24,4.7619047619,7.912,7.3
INV-01338,B,Mandalay,Normal,Female,Home and lifestyle,15.2,8,6.08,127.67999999999999,2023-03-26,13:51,Ewallet,121.6,4.7619047619,6.08,6.9
INV-00460,A,Yangon,Normal,F,Electronic accessories,69.03,7,24.1605,507.37050000000005,2023-03-25,10:10,Credit card,483.21000000000004,4.7619047619,24.1605,9.7
INV-01185,A,Yangon,Normal,M,Fashion accessories,31.51,3,4.7265,99.2565,2023-02-21,14:21,Ewallet,94.53,4.7619047619,4.7265,6.1
INV-00277,C,Naypyitaw,Member,Female,Health and beauty,88.29,7,30.9015,648.9315000000001,2023-03-13,11:01,Ewallet,618.0300000000001,4.7619047619,30.9015,5.9
INV-00956,B, Mandalay ,Normal,,Health and beauty,55.99,9,25.1955,529.1055,2023-06-02,18:57,Cash,503.91,4.7619047619,25.1955,9.0
INV-01216,A,Yangon,Member,Male,Health and beauty,21.8,3,3.27,68.67,2023-11-20,10:44,Cash,65.4,4.7619047619,3.27,6.2
INV-00386,C,Naypyitaw,Normal,Male,Food and beverages,14.23,2,1.423,29.883000000000003,2023-06-04,19:18,Ewallet,28.46,4.7619047619,1.423,6.6
INV-00806,C,Naypyitaw,Normal,Male,Health and beauty,73.08,9,32.886,690.606,2023-04-01,13:44,Cash,657.72,4.7619047619,32.886,8.9
INV-01438,C,Naypyitaw,Normal,Female,Health and beauty,88.44,9,39.798,835.758,2023-11-02,19:39,Cash,795.96,4.7619047619,39.798,7.9
INV-01127,A,Yangon,Normal,male,Electronic accessories,74.73,7,26.1555,549.2655,2023-08-01,15:34,Ewallet,523.11,4.7619047619,26.1555,6.4
INV-00344,B,Mandalay,Normal,Female,Fashion accessories,58.87,6,17.661,370.881,2023-11-14,16:38,Ewallet,353.21999999999997,4.7619047619,17.661,7.1
INV-00770,C, Naypyitaw ,Normal,Male,Sports and travel,85.6,4,17.12,359.52,2023-07-12,10:22,Cash,342.4,4.7619047619,17.12,9.7
INV-01333,A,Yangon,Member,M,Fashion accessories,31.3,10,15.65,328.65,2023-10-04,15:17,Credit card,313.0,4.7619047619,15.65,8.9
INV-00131,B,Mandalay,Normal,,Food and beverages,11.23,10,5.615,117.915,2023-09-18,12:04,Cash,112.30000000000001,4.7619047619,5.615,7.1
INV-00872,A,Yangon,Member,Male,Health and beauty,42.44,6,12.732,267.37199999999996,2023-06-26,18:16,Ewallet,254.64,4.7619047619,12.732,4.4
INV-01124,C,naypyitaw,Normal,male,Sports and travel,24.45,9,11.0025,231.05249999999998,2023-09-18,19:07,Ewallet,220.04999999999998,4.7619047619,11.0025,4.2
INV-01397,B,Mandalay,Normal,Female,Food and beverages,14.31,6,4.293,90.153,2023-07-18,12:51,Ewallet,85.86,4.7619047619,4.293,6.8
INV-00088,B,Mandalay,Normal,,,63.28,3,9.492,199.332,2023-03-29,18:07,Credit card,189.84,4.7619047619,9.492,5.5
INV-01483,B,Mandalay,Normal,Female,Food and beverages,36.68,-1,18.34,385.14,2023-09-20,13:38,Cash,366.8,4.7619047619,18.34,5.0
INV-00331,B,Mandalay,Member,Male,Food and beverages,11.31,7,3.9585,83.1285,2023-04-06,14:22,Ewallet,79.17,4.7619047619,3.9585,8.6
INV-01239,C,Naypyitaw,Normal,Female,Electronic accessories,600.8116999754297,7,31.031,7648.718619154208,2023-05-06,11:08,Ewallet,620.62,4.7619047619,31.031,9.0
INV-00467,A,Yangon,Member,Male,Home and lifestyle,52.57,1,2.6285,55.1985,2023-12-09,15:25,Credit card,52.57,4.7619047619,2.6285,8.9
INV-00122,C,Naypyitaw,Member,Male,Health and beauty,93.18,5,23.295,489.19500000000005,2023-10-03,15:05,Ewallet,465.90000000000003,4.7619047619,23.295,8.3
INV-01045,C,naypyitaw,Member,Female,Health and beauty,87.62,6,26.286,552.0060000000001,2023-08-29,17:46,Cash,525.72,4.7619047619,26.286,5.7
INV-01096,A,Yangon,Member,Female,Home and lifestyle,36.1,7,12.635,265.33500000000004,2023-05-17,16:11,Ewallet,252.70000000000002,4.7619047619,12.635,4.9
INV-01131,C, Naypyitaw ,Member,Female,Fashion accessories,52.87,10,26.435,555.1349999999999,2023-08-22,11:47,Ewallet,528.6999999999999,4.7619047619,26.435,8.3
INV-01295,C,Naypyitaw,Member,Female,,59.26,9,26.667,560.0070000000001,2023-05-21,19:03,Cash,533.34,4.7619047619,26.667,6.0
INV-00861,C,Naypyitaw,Normal,Female,Sports and travel,52.42,6,15.726,330.246,2023-04-24,18:26,Ewallet,314.52,4.7619047619,15.726,7.1
INV-01460,B,Mandalay,Normal,Female,Home and lifestyle,87.6,4,17.52,367.91999999999996,2023-05-09,14:03,Cash,350.4,4.7619047619,17.52,8.4
INV-01127,A,Yangon,Normal,Male,Electronic accessories,74.73,7,26.1555,549.2655,2023-08-01,15:34,Ewallet,523.11,4.7619047619,26.1555,6.4
